1235561676.015850, -0.028146, 0.015461, 1.564037
1235561678.911199, -0.010094, 0.516241, 1.495885
1235561679.739014, 0.035996, 1.010582, 1.481161
1235561680.578829, 0.048996, 1.508341, 1.621109
1235561681.419641, -0.016001, 2.003351, 1.759155
1235561682.237921, -0.112596, 2.494453, 1.760687
1235561683.034414, -0.203988, 2.981760, 1.748255
1235561683.848179, -0.275775, 3.534036, 1.673260
1235561684.674921, -0.309625, 4.041613, 1.609008
1235561685.488769, -0.306869, 4.546064, 1.523775
1235561686.302562, -0.276069, 5.096355, 1.503125
1235561687.156442, -0.291259, 5.600821, 1.710607
1235561688.024175, -0.410788, 6.091429, 1.881495
1235561688.877985, -0.612774, 6.550999, 2.073969
1235561689.731798, -0.949021, 6.963781, 2.266357
1235561690.572614, -1.303515, 7.312205, 2.442113
1235561691.399431, -1.710299, 7.623584, 2.502785
1235561692.267233, -2.087192, 7.957882, 2.310513
1235561693.147038, -2.372616, 8.420226, 2.040865
1235561694.014847, -2.540323, 8.893016, 1.769297
1235561695.028625, -2.503274, 9.387337, 1.177690
1235561695.976410, -2.202260, 9.780826, 0.712391
1235561696.856216, -1.739969, 10.100293, 0.442814
1235561697.697029, -1.270108, 10.270373, 0.314287
1235561698.523847, -0.788132, 10.415406, 0.275795
1235561699.311670, -0.303787, 10.546680, 0.261832
1235561700.112491, 0.182537, 10.666217, 0.218394
1235561700.929851, 0.733098, 10.763962, 0.167658
1235561701.753130, 1.235156, 10.835421, 0.118626
1235561702.646930, 1.730213, 10.956563, 0.394025
1235561703.487743, 2.185794, 11.189554, 0.513868
1235561704.301562, 2.623784, 11.455298, 0.570698
1235561705.106533, 3.049676, 11.782763, 0.565429
1235561705.902407, 3.478202, 12.056415, 0.586052
1235561706.703029, 3.951462, 12.324703, 0.527389
1235561707.516851, 4.399900, 12.573835, 0.499253
1235561708.370659, 4.864439, 12.783958, 0.339375
1235561709.158487, 5.344931, 12.959580, 0.386245
1235561709.959306, 5.815822, 13.151273, 0.389584
1235561710.746132, 6.335803, 13.339059, 0.355121
1235561711.546955, 6.819116, 13.514942, 0.359614
1235561712.346780, 7.301263, 13.695924, 0.361469
1235561713.147599, 7.834788, 13.877523, 0.370166
1235561713.948423, 8.244637, 14.052959, 0.388169
1235561714.748243, 8.697352, 14.228474, 0.356790
1235561715.562065, 9.165471, 14.387753, 0.303486
1235561716.362888, 9.660363, 14.545522, 0.301672
1235561717.163707, 10.154821, 14.702416, 0.301748
1235561717.950533, 10.648850, 14.859387, 0.301715
1235561718.751355, 11.141211, 15.011132, 0.305162
1235561719.538181, 11.632341, 15.164572, 0.309721
1235561720.339004, 12.222783, 15.371615, 0.306754
1235561721.139825, 12.597438, 15.469545, 0.310541
1235561721.939648, 13.067535, 15.616719, 0.309379
1235561722.753469, 13.637427, 15.802326, 0.240560
1235561723.541292, 14.067193, 15.918794, 0.249430
1235561724.342116, 14.546621, 16.039020, 0.263069
1235561725.128941, 15.024543, 16.165989, 0.263722
1235561725.929767, 15.664455, 16.350899, 0.261749
1235561726.729609, 16.005163, 16.432941, 0.269543
1235561727.517410, 16.644818, 16.620387, 0.257829
1235561728.317232, 17.053913, 16.741940, 0.262164
1235561729.105058, 17.512997, 16.865770, 0.252244
1235561729.905882, 18.022785, 16.984252, 0.259680
1235561730.705702, 18.483079, 17.107900, 0.259552
1235561731.493528, 18.941946, 17.230567, 0.267163
1235561732.293352, 19.400226, 17.356502, 0.269404
1235561733.094174, 19.808522, 17.484805, 0.273749
1235561733.894995, 20.367097, 17.663416, 0.264371
1235561734.695817, 20.825251, 17.788124, 0.270827
1235561735.495639, 21.132385, 17.867394, 0.269111
1235561736.283466, 21.588441, 17.992540, 0.265582
1235561737.097283, 22.046730, 18.114777, 0.261691
1235561737.884110, 22.506068, 18.239034, 0.251706
1235561738.684931, 22.966140, 18.357929, 0.251469
1235561739.471758, 23.577542, 18.523449, 0.249689
1235561740.272581, 24.037911, 18.640940, 0.248478
1235561741.059406, 24.547920, 18.757492, 0.256903
1235561741.847311, 24.957489, 18.880121, 0.247163
1235561742.647054, 25.468729, 18.995438, 0.244896
1235561743.447877, 25.929654, 19.111748, 0.244824
1235561744.234700, 26.390088, 19.226120, 0.252518
1235561745.035521, 26.751176, 19.348158, 0.238637
1235561745.822348, 27.263409, 19.459232, 0.249537
1235561746.623176, 27.723640, 19.577043, 0.253900
1235561747.409995, 28.142518, 19.701369, 0.244991
1235561748.210817, 28.610976, 19.819611, 0.250045
1235561748.998664, 29.080477, 19.940277, 0.249717
1235561749.798466, 29.639123, 20.071559, 0.260174
1235561750.586312, 30.096930, 20.210279, 0.251983
1235561751.386114, 30.605135, 20.343719, 0.254507
1235561752.174021, 31.176344, 20.472320, 0.267622
1235561752.987779, 31.696321, 20.608088, 0.272586
1235561753.774706, 32.209458, 20.734227, 0.234135
1235561754.575425, 32.786300, 20.898183, 0.238180
1235561755.376235, 33.261619, 21.016088, 0.237360
1235561756.163062, 33.787352, 21.132435, 0.247105
1235561756.963885, 34.168210, 21.252058, 0.241740
1235561757.750709, 34.649170, 21.366313, 0.240859
1235561758.551532, 35.130697, 21.479644, 0.238229
1235561759.338357, 35.631883, 21.601173, 0.245630
1235561760.139179, 36.130880, 21.725078, 0.255481
1235561760.926004, 36.631184, 21.854174, 0.255696
1235561761.726829, 37.183019, 21.983362, 0.270636
1235561762.527639, 37.679641, 22.119928, 0.269539
1235561763.314464, 38.176851, 22.256967, 0.265165
1235561764.115287, 38.704336, 22.381008, 0.273780
1235561764.902112, 39.180523, 22.510061, 0.281731
1235561765.702934, 39.656412, 22.644039, 0.275849
1235561766.489759, 40.087304, 22.781189, 0.266480
1235561767.290585, 40.620287, 22.911801, 0.270173
1235561768.077408, 41.101558, 23.045984, 0.265227
1235561768.878230, 41.649793, 23.177894, 0.273028
1235561769.665055, 42.097408, 23.317028, 0.264427
1235561770.465877, 42.594819, 23.450994, 0.261340
1235561771.252702, 43.094292, 23.582340, 0.266094
1235561772.053525, 43.643433, 23.765102, 0.262303
1235561772.841445, 44.192945, 23.895437, 0.268359
1235561773.641173, 44.603790, 24.035279, 0.254586
1235561774.454993, 45.108454, 24.161874, 0.257708
1235561775.255814, 45.664084, 24.288202, 0.270914
1235561776.056650, 46.160950, 24.431060, 0.273339
1235561776.923445, 46.663259, 24.575926, 0.278982
1235561777.804263, 47.166186, 24.723425, 0.290841
1235561778.765049, 47.700190, 24.870489, 0.300966
1235561779.751820, 48.178594, 25.017841, 0.260686
1235561780.752595, 48.678186, 25.098916, 0.061801
1235561781.807375, 49.199371, 25.081355, -0.124212
1235561782.821148, 49.711678, 24.965144, -0.362683
1235561783.821927, 50.138863, 24.625373, -0.878053
1235561784.835697, 50.358877, 24.183414, -1.317814
1235561785.756486, 50.469319, 23.693102, -1.330489
1235561786.583308, 50.571047, 23.200899, -1.396871
1235561787.424122, 50.644112, 22.699047, -1.457403
1235561788.224936, 50.715886, 22.259045, -1.367793
1235561789.078746, 50.839386, 21.771704, -1.278932
1235561789.905572, 51.008561, 21.339820, -1.201827
1235561790.693402, 51.193817, 20.861421, -1.196793
1235561791.507219, 51.380840, 20.386108, -1.192745
1235561792.307041, 51.564986, 19.916600, -1.209689
1235561793.095205, 51.731813, 19.445096, -1.253016
1235561793.894687, 51.884491, 18.962357, -1.269363
1235561794.695503, 52.037552, 18.482431, -1.262736
1235561795.496335, 52.191982, 18.003904, -1.261215
1235561796.283162, 52.341747, 17.527297, -1.275799
1235561797.083984, 52.487440, 17.035855, -1.287117
1235561797.884812, 52.631618, 16.540840, -1.282400
1235561798.671630, 52.827501, 15.946306, -1.286290
1235561799.472451, 53.011699, 15.328854, -1.286224
1235561800.259413, 53.097808, 15.014020, -1.286304
1235561801.060101, 53.234135, 14.597834, -1.282257
1235561801.846924, 53.370164, 14.143128, -1.283267
1235561802.647747, 53.506225, 13.687643, -1.279926
1235561803.448569, 53.644312, 13.283096, -1.285208
1235561804.235442, 53.786766, 12.799379, -1.276136
1235561805.036222, 53.931050, 12.268397, -1.274698
1235561805.823037, 54.072703, 11.788565, -1.298671
1235561806.623865, 54.205083, 11.253046, -1.294548
1235561807.423878, 54.342788, 10.767028, -1.296109
1235561808.211558, 54.480833, 10.281313, -1.295649
1235561809.011340, 54.618136, 9.795003, -1.295170
1235561809.799147, 54.755912, 9.309981, -1.305397
1235561810.599971, 54.889676, 8.823052, -1.303875
1235561811.386795, 55.027244, 8.328364, -1.298575
1235561812.187621, 55.167926, 7.833748, -1.302083
1235561812.987447, 55.306654, 7.340102, -1.295949
1235561813.788263, 55.443684, 6.844400, -1.302288
1235561814.589085, 55.567225, 6.352247, -1.353674
1235561815.442895, 55.671621, 5.843888, -1.370654
1235561816.269714, 55.821322, 5.294558, -1.373392
1235561817.057599, 55.917848, 4.806742, -1.376996
1235561817.861699, 56.015389, 4.309389, -1.368414
1235561818.658182, 56.115867, 3.813594, -1.367463
1235561819.472002, 56.214990, 3.325548, -1.367413
1235561820.365809, 56.314830, 2.782670, -1.348821
1235561821.206618, 56.421609, 2.300376, -1.345278
1235561822.033482, 56.606807, 1.829856, -1.206966
1235561822.901240, 56.793584, 1.375626, -1.170658
1235561823.795041, 56.988936, 0.911644, -1.144105
1235561824.715845, 57.159524, 0.436296, -1.307392
1235561825.636635, 57.180249, -0.062191, -1.726940
1235561826.623415, 56.981667, -0.525877, -2.189964
1235561827.624193, 56.640441, -0.804844, -2.661960
1235561828.651964, 56.195549, -0.903190, -2.971798
1235561829.692734, 55.885122, -0.923174, -3.038739
1235561830.719505, 55.571419, -0.937891, -3.017003
1235561831.773271, 55.065523, -1.037774, -2.867708
1235561832.628081, 54.622746, -1.206288, -2.762572
1235561833.427904, 54.089229, -1.388778, -2.805638
1235561834.228726, 53.499305, -1.601397, -2.818380
1235561835.029548, 53.008269, -1.760818, -2.825814
1235561835.829370, 52.516995, -1.915722, -2.844565
1235561836.617196, 52.025009, -2.053989, -2.892013
1235561837.431015, 51.521288, -2.178183, -2.901075
1235561838.231837, 51.021490, -2.306482, -2.879757
1235561839.045657, 50.570905, -2.444226, -2.883171
1235561839.845480, 50.067118, -2.578171, -2.863694
1235561840.673370, 49.566287, -2.695192, -2.977483
1235561841.473118, 49.054113, -2.783537, -2.940930
1235561842.273940, 48.543390, -2.886560, -2.951653
1235561843.101770, 47.987369, -2.983620, -2.942900
1235561843.901579, 47.477527, -3.087873, -2.933197
1235561844.702404, 47.017997, -3.198843, -2.940985
1235561845.503239, 46.414380, -3.349426, -2.938603
1235561846.303051, 45.959795, -3.460862, -2.902182
1235561847.103868, 45.459505, -3.587975, -2.874421
1235561847.904706, 44.963656, -3.728458, -2.856355
1235561848.705890, 44.469965, -3.878935, -2.823157
1235561849.492354, 43.989085, -4.043481, -2.808712
1235561850.293539, 43.508009, -4.214065, -2.788173
1235561851.107365, 43.026472, -4.392624, -2.778628
1235561851.893890, 42.544311, -4.574354, -2.779330
1235561852.695009, 42.063351, -4.755540, -2.770200
1235561853.496103, 41.584102, -4.941263, -2.770690
1235561854.295281, 41.105649, -5.125957, -2.767063
1235561855.096104, 40.578302, -5.360330, -2.772056
1235561855.896926, 40.154130, -5.495959, -2.758515
1235561856.696748, 39.590091, -5.729080, -2.760271
1235561857.497572, 39.128003, -5.916523, -2.759580
1235561858.324389, 38.715193, -6.087131, -2.840507
1235561859.139201, 38.201905, -6.210427, -2.884568
1235561859.926466, 37.726972, -6.332743, -2.879329
1235561860.726848, 37.254332, -6.457884, -2.877323
1235561861.526677, 36.746309, -6.597681, -2.874811
1235561862.327689, 36.237849, -6.738731, -2.863618
1235561863.154316, 35.727515, -6.872938, -2.907124
1235561863.969127, 35.212851, -6.987776, -2.953977
1235561864.795945, 34.694668, -7.104108, -2.886020
1235561865.596765, 34.187205, -7.254942, -2.842436
1235561866.396590, 33.606047, -7.447655, -2.842065
1235561867.210410, 33.128020, -7.594607, -2.841780
1235561868.038301, 32.745822, -7.677494, -2.912471
1235561868.892038, 32.143886, -7.841503, -2.890319
1235561869.692859, 31.693158, -7.973293, -2.894438
1235561870.492681, 31.192242, -8.100771, -2.890804
1235561871.293502, 30.692291, -8.229664, -2.878808
1235561872.094324, 30.193564, -8.365104, -2.884901
1235561872.895146, 29.693770, -8.496555, -2.876903
1235561873.681973, 29.203928, -8.630963, -2.871985
1235561874.482803, 28.710156, -8.767882, -2.868111
1235561875.282616, 28.218424, -8.907922, -2.866643
1235561876.083438, 27.728224, -9.047921, -2.870581
1235561876.884260, 27.187021, -9.183003, -2.851751
1235561877.684083, 26.697545, -9.330847, -2.855779
1235561878.471910, 26.276302, -9.473847, -2.861514
1235561879.272730, 25.701128, -9.657918, -2.857940
1235561880.072552, 25.229190, -9.798047, -2.859626
1235561880.873565, 24.732261, -9.940376, -2.856044
1235561881.674197, 24.236291, -10.084101, -2.851330
1235561882.474020, 23.740190, -10.230161, -2.847484
1235561883.274841, 23.245968, -10.378855, -2.843505
1235561884.076513, 22.701975, -10.525169, -2.820901
1235561884.876488, 22.260401, -10.689238, -2.835133
1235561885.676310, 21.800670, -10.835027, -2.835606
1235561886.464140, 21.342120, -10.979866, -2.828307
1235561887.263958, 20.883130, -11.127670, -2.825343
1235561888.077776, 20.342520, -11.328615, -2.842816
1235561888.878598, 19.850723, -11.467433, -2.889009
1235561889.679420, 19.349008, -11.596005, -2.879894
1235561890.480242, 18.848824, -11.728226, -2.871656
1235561891.267068, 18.351205, -11.864266, -2.872023
1235561892.067890, 17.851757, -12.001504, -2.862535
1235561892.867712, 17.361783, -12.142140, -2.858489
1235561893.668535, 16.824052, -12.280224, -2.860066
1235561894.469357, 16.335801, -12.417071, -2.891450
1235561895.256183, 15.841191, -12.538540, -2.911587
1235561896.057005, 15.348533, -12.648689, -2.925326
1235561896.857826, 14.850730, -12.753703, -2.933666
1235561897.657657, 14.355991, -12.854338, -2.950765
1235561898.458472, 13.860128, -12.944247, -2.957744
1235561899.259328, 13.364057, -13.031954, -2.980143
1235561900.059121, 12.863586, -13.110423, -2.983128
1235561900.859939, 12.362577, -13.187373, -2.980575
1235561901.660763, 11.812385, -13.262631, -2.977844
1235561902.465006, 11.301318, -13.347113, -2.973139
1235561903.261409, 10.790178, -13.432939, -2.972712
1235561904.049311, 10.279452, -13.519087, -2.973198
1235561904.849468, 9.771531, -13.609575, -2.962869
1235561905.649877, 9.264125, -13.704739, -2.953685
1235561906.439128, 8.758255, -13.804628, -2.956735
1235561907.237526, 8.217755, -13.891272, -2.953567
1235561908.038346, 7.721663, -13.984860, -2.953634
1235561908.839216, 7.224057, -14.077274, -2.954584
1235561909.652987, 6.683974, -14.177500, -2.905464
1235561910.452812, 6.187460, -14.296536, -2.908435
1235561911.253634, 5.690332, -14.416079, -2.903045
1235561912.041525, 5.195222, -14.537565, -2.897657
1235561912.841281, 4.646307, -14.708847, -2.897632
1235561913.655101, 4.151600, -14.832653, -2.897610
1235561914.442924, 3.657248, -14.957103, -2.892227
1235561915.242746, 3.161944, -15.083094, -2.883480
1235561916.043570, 2.619239, -15.210432, -2.879100
1235561916.844391, 2.126323, -15.344171, -2.874721
1235561917.631217, 1.635451, -15.479830, -2.869344
1235561918.432039, 1.144518, -15.618151, -2.863968
1235561919.232861, 0.653530, -15.759131, -2.859593
1235561920.032686, 0.162617, -15.901779, -2.859584
1235561920.833506, -0.321651, -16.034773, -2.883485
1235561921.651312, -0.864427, -16.159694, -2.891842
1235561922.448152, -1.357526, -16.286846, -2.883110
1235561923.247970, -1.850998, -16.417700, -2.878743
1235561924.048792, -2.343525, -16.551328, -2.874378
1235561924.849614, -2.835983, -16.686622, -2.870015
1235561925.650437, -3.325498, -16.824911, -2.865379
1235561926.477255, -3.810333, -16.979406, -2.789655
1235561927.291077, -4.275160, -17.172066, -2.705021
1235561928.144884, -4.724949, -17.416683, -2.583936
1235561928.945706, -5.157672, -17.688573, -2.597031
1235561929.746549, -5.597507, -18.003447, -2.588310
1235561930.586342, -6.084628, -18.264820, -2.598047
1235561931.427154, -6.534489, -18.491557, -2.757145
1235561932.254992, -7.058916, -18.647798, -2.860245
1235561933.054868, -7.546402, -18.785860, -2.850077
1235561933.842736, -8.033791, -18.926838, -2.886543
1235561934.656459, -8.525950, -19.057585, -2.867104
1235561935.443284, -9.017165, -19.195324, -2.867120
1235561936.244107, -9.508106, -19.334668, -2.862775
1235561937.043975, -10.048816, -19.471850, -2.850704
1235561937.844752, -10.487469, -19.622693, -2.863815
1235561938.645574, -10.977500, -19.763922, -2.861474
1235561939.446401, -11.411032, -19.896247, -2.894771
1235561940.246276, -11.902120, -20.011569, -2.932886
1235561941.047110, -12.390797, -20.117442, -2.922186
1235561941.860853, -12.986494, -20.268818, -2.923214
1235561942.687663, -13.424981, -20.396960, -2.867517
1235561943.488486, -13.908736, -20.525462, -2.896548
1235561944.329301, -14.449462, -20.645876, -2.878128
1235561945.130113, -14.941362, -20.827158, -2.888890
1235561945.929943, -15.434219, -20.955498, -2.896653
1235561946.730770, -15.929905, -21.080890, -2.883600
1235561947.531580, -16.422317, -21.211478, -2.873913
1235561948.318415, -16.914293, -21.347849, -2.872953
1235561949.119227, -17.406789, -21.483717, -2.865269
1235561949.920050, -17.947562, -21.620583, -2.864312
1235561950.719872, -18.234735, -21.726680, -2.864358
1235561951.520694, -18.724843, -21.867643, -2.859041
1235561952.307522, -19.061530, -21.973113, -2.854726
1235561953.108342, -19.550483, -22.117460, -2.850412
1235561953.909165, -20.039453, -22.264438, -2.850462
1235561954.710000, -20.528195, -22.413015, -2.845151
1235561955.496812, -21.015749, -22.562337, -2.839841
1235561956.297648, -21.502424, -22.715387, -2.839895
1235561957.097457, -21.989672, -22.867943, -2.831225
1235561957.898280, -22.473957, -23.022468, -2.830555
1235561958.699143, -22.957775, -23.173668, -2.858341
1235561959.498924, -23.447211, -23.317731, -2.847674
1235561960.299746, -23.934929, -23.465661, -2.835646
1235561961.100582, -24.421417, -23.621461, -2.834709
1235561961.901404, -24.905108, -23.773070, -2.840047
1235561962.701213, -25.387492, -23.911390, -2.887840
1235561963.502049, -25.881220, -24.041008, -2.881545
1235561964.302872, -26.423925, -24.170354, -2.867525
1235561965.102687, -26.915429, -24.308628, -2.863233
1235561965.890577, -27.356098, -24.453627, -2.863305
1235561966.691352, -27.896062, -24.591177, -2.854652
1235561967.491195, -28.335629, -24.740530, -2.863455
1235561968.291989, -28.929522, -24.922946, -2.854804
1235561969.092807, -29.419093, -25.068342, -2.849520
1235561969.892626, -29.957408, -25.211410, -2.837510
1235561970.680455, -30.393721, -25.369529, -2.845319
1235561971.480274, -30.881748, -25.518842, -2.841039
1235561972.281102, -31.369858, -25.671767, -2.834760
1235561973.081918, -31.958615, -25.868271, -2.834846
1235561973.882731, -32.445290, -26.023488, -2.825206
1235561974.682562, -32.928094, -26.181710, -2.822568
1235561975.483385, -33.410500, -26.336590, -2.832932
1235561976.284198, -33.894481, -26.486976, -2.858750
1235561977.071024, -34.433756, -26.624181, -2.847754
1235561977.871847, -34.871092, -26.776572, -2.847486
1235561978.672680, -35.356610, -26.919557, -2.870945
1235561979.472501, -35.848078, -27.057496, -2.865680
1235561980.273364, -36.338459, -27.197138, -2.857052
1235561981.074147, -36.878947, -27.336306, -2.852790
1235561981.873958, -37.365209, -27.477557, -2.856803
1235561982.674796, -37.851501, -27.615543, -2.874907
1235561983.488626, -38.342997, -27.748677, -2.874650
1235561984.289433, -38.835460, -27.884356, -2.866030
1235561985.091552, -39.326217, -28.023862, -2.868501
1235561985.877183, -39.818213, -28.162689, -2.859884
1235561986.677905, -40.308488, -28.305341, -2.864359
1235561987.477766, -40.797894, -28.445465, -2.859109
1235561988.292556, -41.288333, -28.589123, -2.849497
1235561989.092363, -41.770648, -28.730998, -2.875886
1235561989.973167, -42.263972, -28.821776, -3.044454
1235561990.854835, -42.762797, -28.928901, -2.785306
1235561991.654957, -43.242969, -29.102942, -2.823607
1235561992.454616, -43.782266, -29.310384, -2.821729
1235561993.245439, -44.265983, -29.470916, -2.822852
1235561994.042348, -44.751357, -29.631851, -2.819614
1235561994.856083, -45.235690, -29.795458, -2.814378
1235561995.656906, -45.715755, -29.958976, -2.803053
1235561996.457722, -46.195048, -30.123239, -2.823182
1235561997.258544, -46.678383, -30.278754, -2.830949
1235561998.058372, -47.164520, -30.434670, -2.832081
1235561998.846193, -47.699161, -30.587845, -2.821488
1235561999.646095, -48.183165, -30.749074, -2.816260
1235562000.459833, -48.614046, -30.913449, -2.824669
1235562001.287649, -49.153683, -31.054184, -2.877444
1235562002.088471, -49.648729, -31.188585, -2.867857
1235562002.875297, -50.139068, -31.326943, -2.869998
1235562003.676119, -50.629893, -31.464759, -2.864778
1235562004.475942, -51.121597, -31.604123, -2.861559
1235562005.276768, -51.666461, -31.791510, -2.871431
1235562006.103582, -52.161068, -31.916521, -2.920488
1235562006.918400, -52.662549, -32.009979, -2.983001
1235562007.718222, -53.108222, -32.092497, -2.987151
1235562008.546038, -53.661910, -32.167028, -2.973214
1235562009.345863, -54.167088, -32.252924, -2.975368
1235562010.146687, -54.670594, -32.338334, -2.972161
1235562010.947506, -55.168275, -32.429669, -2.946956
1235562011.761325, -55.664955, -32.542679, -2.886116
1235562012.588141, -56.150966, -32.689792, -2.815639
1235562013.441952, -56.616705, -32.932779, -2.665164
1235562014.269768, -57.045624, -33.198079, -2.514963
1235562015.109582, -57.430314, -33.524101, -2.365763
1235562015.950397, -57.762033, -33.902308, -2.212198
1235562016.791208, -58.031410, -34.328237, -2.069724
1235562017.632162, -58.243925, -34.837559, -1.927885
1235562018.458838, -58.391652, -35.317027, -1.824683
1235562019.286659, -58.500919, -35.813460, -1.743753
1235562020.086480, -58.580299, -36.312516, -1.720911
1235562020.900296, -58.654467, -36.814772, -1.721341
1235562021.768171, -58.768158, -37.304866, -1.892954
1235562022.648941, -58.996600, -37.801602, -2.177836
1235562023.555708, -59.388598, -38.117087, -2.462901
1235562024.489500, -59.785834, -38.403380, -2.864511
1235562025.397317, -60.328460, -38.398528, 3.093606
1235562026.411150, -60.799378, -38.231036, 2.496443
1235562027.317872, -61.133773, -37.859416, 2.193457
1235562028.185694, -61.390642, -37.418758, 2.007198
1235562028.985502, -61.601802, -36.962581, 2.031386
1235562029.786325, -61.825235, -36.504263, 1.980579
1235562030.600144, -62.024258, -35.987140, 1.984129
1235562031.441031, -62.196276, -35.511086, 1.835496
1235562032.242185, -62.321998, -35.024560, 1.852312
1235562033.055612, -62.456315, -34.536278, 1.808948
1235562033.855424, -62.576238, -34.044265, 1.812126
1235562034.643263, -62.704440, -33.599050, 1.814938
1235562035.444477, -62.823417, -33.053828, 1.817111
1235562036.243908, -62.948844, -32.559477, 1.823282
1235562037.044736, -63.076847, -32.065196, 1.827450
1235562037.845545, -63.207426, -31.570989, 1.831617
1235562038.632374, -63.339655, -31.078897, 1.835781
1235562039.433195, -63.474420, -30.585891, 1.835581
1235562040.234008, -63.608682, -30.094415, 1.836378
1235562041.033838, -63.743367, -29.602429, 1.841536
1235562041.834661, -63.880620, -29.110519, 1.845691
1235562042.621719, -64.020441, -28.618689, 1.850845
1235562043.422397, -64.156907, -28.078228, 1.851633
1235562044.223531, -64.303768, -27.637737, 1.846057
1235562045.022953, -64.487749, -27.092646, 1.850203
1235562045.823768, -64.630524, -26.602309, 1.856348
1235562046.611597, -64.774860, -26.112089, 1.856127
1235562047.411423, -64.918665, -25.622356, 1.854904
1235562048.212238, -65.062940, -25.133055, 1.864406
1235562049.013058, -65.210905, -24.644507, 1.864179
1235562049.812883, -65.360339, -24.156331, 1.868313
1235562050.600706, -65.510376, -23.669323, 1.877808
1235562051.400531, -65.666084, -23.183014, 1.874211
1235562052.215348, -65.820090, -22.695433, 1.878338
1235562053.015172, -65.958783, -22.163840, 1.858190
1235562053.802996, -66.104023, -21.675552, 1.858949
1235562054.602818, -66.249678, -21.186709, 1.867434
1235562055.403643, -66.400010, -20.698594, 1.872552
1235562056.204466, -66.551887, -20.210610, 1.871304
1235562057.004288, -66.701342, -19.726172, 1.869782
1235562057.805107, -66.840527, -19.245017, 1.831894
1235562058.618927, -66.955782, -18.707943, 1.802003
1235562059.419750, -67.073486, -18.210833, 1.803747
1235562060.220575, -67.192642, -17.715232, 1.800125
1235562061.020396, -67.309971, -17.217651, 1.808592
1235562061.821339, -67.431095, -16.722679, 1.819057
1235562062.622178, -67.557953, -16.229277, 1.824156
1235562063.422861, -67.687448, -15.738949, 1.842252
1235562064.236684, -67.832719, -15.256299, 1.876346
1235562065.036502, -67.986426, -14.770572, 1.875076
1235562065.824335, -68.184837, -14.228189, 1.867075
1235562066.624153, -68.335149, -13.740992, 1.871163
1235562067.424972, -68.486989, -13.253914, 1.876248
1235562068.225794, -68.642399, -12.767872, 1.881331
1235562069.012620, -68.799333, -12.281957, 1.886411
1235562069.813442, -68.957832, -11.797171, 1.890490
1235562070.614263, -69.119852, -11.312438, 1.895566
1235562071.414086, -69.283470, -10.829839, 1.895277
1235562072.201984, -69.446457, -10.345664, 1.909076
1235562073.001736, -69.617242, -9.865013, 1.908783
1235562073.802556, -69.787444, -9.383767, 1.913850
1235562074.643374, -69.956125, -8.901771, 1.904822
1235562075.497182, -70.072482, -8.356348, 1.703705
1235562076.390982, -70.076757, -7.851152, 1.465493
1235562077.271786, -69.959204, -7.363734, 1.213279
1235562078.152591, -69.721606, -6.923651, 0.943337
1235562079.059391, -69.366669, -6.557628, 0.664759
1235562079.967188, -68.877402, -6.320182, 0.356866
1235562080.860991, -68.389042, -6.214925, 0.065289
1235562081.767788, -67.888783, -6.266839, -0.259675
1235562082.635601, -67.412791, -6.446934, -0.439130
1235562083.489474, -66.949289, -6.674708, -0.461326
1235562084.343320, -66.486155, -6.893028, -0.425436
1235562085.264014, -65.988472, -7.021081, -0.076523
1235562086.117823, -65.468114, -7.013674, 0.061549
1235562086.918647, -64.951554, -6.977734, 0.067406
1235562087.785453, -64.454990, -6.897861, 0.273739
1235562088.626267, -63.930618, -6.677557, 0.395859
1235562089.426089, -63.459105, -6.478996, 0.395476
1235562090.226911, -62.935978, -6.288503, 0.408650
1235562091.027734, -62.465652, -6.085949, 0.408821
1235562091.828555, -61.993778, -5.883691, 0.413459
1235562092.642378, -61.598216, -5.685460, 0.390485
1235562093.469274, -61.128130, -5.524987, 0.261559
1235562094.283013, -60.651994, -5.407639, 0.242208
1235562095.083835, -60.149104, -5.276362, 0.254518
1235562095.870660, -59.648412, -5.139509, 0.260190
1235562096.671483, -59.151171, -5.005447, 0.248579
1235562097.472305, -58.675679, -4.886439, 0.252645
1235562098.272125, -58.096588, -4.726763, 0.253198
1235562099.060018, -57.622153, -4.604981, 0.257424
1235562099.859774, -57.216123, -4.508559, 0.264923
1235562100.660595, -56.707012, -4.369649, 0.274625
1235562101.461419, -56.093911, -4.187158, 0.272195
1235562102.288236, -55.602735, -4.068090, 0.212098
1235562103.089057, -55.216805, -4.008429, 0.215056
1235562103.889985, -54.667279, -3.861976, 0.201933
1235562104.716698, -54.123450, -3.765234, 0.211392
1235562105.517518, -53.629001, -3.658349, 0.211129
1235562106.317340, -53.181060, -3.544510, 0.211872
1235562107.105244, -52.684587, -3.436306, 0.217246
1235562107.905988, -52.188357, -3.325418, 0.221586
1235562108.705811, -51.643670, -3.217363, 0.235608
1235562109.506632, -51.196273, -3.092697, 0.235365
1235562110.307454, -50.644729, -2.928927, 0.231772
1235562111.094280, -50.148555, -2.811207, 0.240276
1235562111.895177, -49.652274, -2.688507, 0.243567
1235562112.695944, -49.158149, -2.565276, 0.248855
1235562113.495746, -48.663352, -2.438357, 0.248777
1235562114.283593, -48.159612, -2.304334, 0.251574
1235562115.083394, -47.656950, -2.168467, 0.255101
1235562115.884239, -47.154331, -2.030836, 0.258362
1235562116.685060, -46.637798, -1.913034, 0.269697
1235562117.484862, -46.120727, -1.738149, 0.274149
1235562118.285690, -45.656589, -1.603215, 0.306943
1235562119.086529, -45.280220, -1.481171, 0.316753
1235562119.887350, -44.691383, -1.279912, 0.325637
1235562120.687173, -44.205748, -1.114630, 0.332816
1235562121.487999, -43.727329, -0.952423, 0.342263
1235562122.301831, -43.249895, -0.783657, 0.342710
1235562123.102631, -42.719036, -0.570585, 0.340224
1235562123.929442, -42.287465, -0.461539, 0.267166
1235562124.730263, -41.796196, -0.329290, 0.301311
1235562125.531075, -41.300056, -0.178428, 0.291361
1235562126.330909, -40.695982, 0.015795, 0.293836
1235562127.131733, -40.195793, 0.172155, 0.301314
1235562127.932543, -39.804244, 0.292836, 0.286381
1235562128.733364, -39.264572, 0.474309, 0.265495
1235562129.613179, -38.776213, 0.599249, 0.251131
1235562130.493974, -38.290639, 0.715803, 0.219366
1235562131.387785, -37.781358, 0.818097, 0.196621
1235562132.268579, -37.316994, 0.920835, 0.201798
1235562133.149385, -36.803244, 1.021041, 0.207334
1235562134.030190, -36.314788, 1.125676, 0.215729
1235562134.923991, -35.722034, 1.272602, 0.214240
1235562135.804795, -35.244584, 1.395715, 0.285795
1235562136.698597, -34.780311, 1.543659, 0.292767
1235562137.538410, -34.368749, 1.698128, 0.291060
1235562138.339232, -33.851275, 1.842128, 0.306146
1235562139.126059, -33.409981, 2.001617, 0.299470
1235562139.926880, -32.919443, 2.150948, 0.305038
1235562140.727704, -32.428417, 2.304567, 0.316105
1235562141.528604, -31.820923, 2.508167, 0.314103
1235562142.328348, -31.366606, 2.679362, 0.308436
1235562143.129170, -30.812676, 2.836725, 0.321308
1235562143.930005, -30.380806, 3.004257, 0.308866
1235562144.729814, -29.897876, 3.159373, 0.317182
1235562145.530636, -29.417004, 3.319517, 0.315363
1235562146.318587, -28.922706, 3.476624, 0.322689
1235562147.172286, -28.392168, 3.652761, 0.437108
1235562147.999102, -27.982357, 3.943195, 0.536631
1235562148.839984, -27.565825, 4.225167, 0.635159
1235562149.706723, -27.208225, 4.569271, 0.870393
1235562150.614523, -26.954154, 5.005403, 1.182589
1235562151.535318, -26.833201, 5.494789, 1.571653
1235562152.389114, -26.955107, 5.851009, 2.065332
1235562153.295921, -27.217119, 6.263887, 1.989384
1235562154.176838, -27.307158, 6.742022, 1.722795
1235562155.030539, -27.350146, 7.244203, 1.592195
1235562155.831351, -27.356881, 7.795040, 1.619128
1235562156.631181, -27.382023, 8.304410, 1.610872
1235562157.458989, -27.403125, 8.804520, 1.615607
1235562158.312801, -27.464498, 9.352824, 1.811692
1235562159.113636, -27.588988, 9.799937, 1.760139
1235562159.980431, -27.680428, 10.342293, 1.791750
1235562160.981209, -27.791472, 10.832908, 1.796172
1235562161.954992, -27.904270, 11.321394, 1.794221
1235562163.075742, -28.016531, 11.813240, 1.802987
1235562164.236485, -28.134180, 12.306298, 1.804015
1235562165.437218, -28.268429, 12.790612, 1.885034
1235562166.571981, -28.449068, 13.268626, 1.963770
1235562167.358964, -28.640618, 13.731201, 1.929227
1235562168.212614, -28.819854, 14.204939, 1.938215
1235562169.040430, -29.021614, 14.664676, 2.035284
1235562169.840252, -29.307876, 15.113596, 2.080343
1235562170.641077, -29.555889, 15.559534, 2.071574
1235562171.481885, -29.793643, 16.008089, 2.032158
1235562173.149515, -29.931061, 16.289632, 2.092186
1235562173.963332, -30.232980, 16.787584, 2.111933
1235562174.750227, -30.481514, 17.222502, 2.068851
1235562175.550980, -30.711818, 17.667392, 2.021396
1235562176.351796, -30.922447, 18.123867, 1.978566
1235562177.178619, -31.165292, 18.597246, 1.950723
1235562178.032429, -31.319118, 19.082064, 1.797417
1235562178.833249, -31.365429, 19.616315, 1.762006
1235562179.634068, -31.502045, 20.118306, 1.733859
1235562180.433896, -31.589215, 20.617403, 1.746701
1235562181.234712, -31.630718, 21.111996, 1.750170
1235562182.062530, -31.796340, 21.604869, 1.881174
1235562182.862354, -31.950900, 22.092157, 1.855534
1235562183.663173, -32.146658, 22.586952, 1.871427
1235562184.463996, -32.243053, 23.118114, 1.874579
1235562185.250822, -32.452044, 23.561202, 1.875362
1235562186.051646, -32.550604, 24.090239, 1.878494
1235562186.851466, -32.760999, 24.531872, 1.888984
1235562187.652290, -32.916434, 25.067500, 1.884369
1235562188.453115, -33.075648, 25.552061, 1.889471
1235562189.253932, -33.235394, 26.036447, 1.888200
1235562190.053755, -33.445628, 26.525290, 1.893281
1235562190.854577, -33.608713, 27.009225, 1.902715
1235562191.655400, -33.774015, 27.490070, 1.902139
1235562192.455222, -33.934119, 27.969696, 1.873098
1235562193.269043, -34.068429, 28.456185, 1.807227
1235562194.083861, -34.169453, 28.996628, 1.768801
1235562194.910677, -34.264585, 29.499284, 1.750725
1235562195.791481, -34.307279, 29.998276, 1.580638
1235562196.672286, -34.191412, 30.487965, 1.268364
1235562197.566089, -33.974204, 30.946568, 1.005532
1235562198.485884, -33.630057, 31.315304, 0.633789
1235562199.393683, -33.183095, 31.534311, 0.306772
1235562200.287485, -32.683851, 31.621829, 0.045306
1235562201.128298, -32.127210, 31.642505, 0.087754
1235562202.075104, -31.648210, 31.788056, 0.533111
1235562203.689729, -31.424825, 32.243221, 1.498831
1235562205.050428, -31.665035, 32.658220, 2.369273
1235562206.345139, -32.125713, 32.827433, -3.140832
1235562207.278933, -32.629733, 32.667760, -2.707939
1235562208.119745, -33.092822, 32.464900, -2.792952
1235562209.000564, -33.582724, 32.359564, -3.075058
1235562209.880356, -34.086482, 32.393258, 2.958742
1235562210.761160, -34.614434, 32.598980, 2.722074
1235562211.654961, -34.988689, 32.857035, 2.469484
1235562212.535765, -35.332996, 33.218516, 2.200428
1235562213.416584, -35.568710, 33.659811, 1.934723
1235562214.297744, -35.680572, 34.147090, 1.663641
1235562215.137189, -35.675163, 34.649700, 1.492005
1235562215.938026, -35.627984, 35.199415, 1.520665
1235562216.791835, -35.601516, 35.691908, 1.514174
1235562217.872595, -35.729658, 36.179161, 2.017459
1235562218.953373, -36.065828, 36.534652, 2.611546
1235562219.901484, -36.537185, 36.663080, 3.079785
1235562220.821023, -37.031078, 36.621439, -2.953832
1235562221.714924, -37.531304, 36.554007, -3.091208
1235562222.609540, -38.041434, 36.531223, -3.129593
1235562223.503747, -38.544664, 36.504126, -3.068904
1235562224.423137, -39.035071, 36.386270, -2.755880
1235562225.304936, -39.497745, 36.245054, -2.784621
1235562226.212098, -40.030978, 36.043728, -2.880447
1235562227.052546, -40.515588, 35.910477, -2.835039
1235562227.852379, -41.003160, 35.757056, -2.844629
1235562228.653191, -41.491428, 35.606311, -2.835766
1235562229.454012, -41.979701, 35.451947, -2.830862
1235562230.253844, -42.467346, 35.300204, -2.837270
1235562231.054659, -42.957250, 35.146309, -2.831623
1235562231.868478, -43.442407, 34.987770, -2.835253
1235562232.669302, -43.929534, 34.829995, -2.841761
1235562233.470124, -44.414978, 34.677425, -2.839969
1235562234.269945, -44.900597, 34.532554, -2.873495
1235562235.070767, -45.392342, 34.392900, -2.859339
1235562235.871588, -45.883599, 34.248132, -2.866769
1235562236.671412, -46.373709, 34.108287, -2.864883
1235562237.499230, -46.864072, 33.971371, -2.851714
1235562238.406028, -47.356276, 33.855105, -3.005434
1235562239.299827, -47.854499, 33.784693, -2.952805
1235562240.183643, -48.353573, 33.689708, -2.966262
1235562241.114425, -48.898860, 33.607999, -2.963265
1235562242.115232, -49.398734, 33.516164, -2.960448
1235562243.129976, -49.894477, 33.409343, -2.874022
1235562244.129754, -50.369901, 33.256025, -2.814444
1235562245.117536, -50.848390, 33.089685, -2.808936
1235562246.105317, -51.325228, 32.924344, -2.816222
1235562247.106096, -51.803135, 32.759333, -2.800123
1235562248.092874, -52.275022, 32.592340, -2.804535
1235562249.093655, -52.756938, 32.433570, -2.837114
1235562250.094430, -53.236370, 32.292777, -2.864220
1235562250.988235, -53.770639, 32.162277, -2.866640
1235562251.869210, -54.257841, 32.023488, -2.859342
1235562252.749843, -54.745372, 31.880572, -2.865143
1235562253.629647, -55.233531, 31.741331, -2.856272
1235562254.510453, -55.720238, 31.598448, -2.852767
1235562255.391255, -56.206255, 31.452647, -2.864714
1235562256.272060, -56.696087, 31.311514, -2.853241
1235562257.165861, -57.183478, 31.164680, -2.842830
1235562258.046666, -57.669782, 31.012358, -2.843570
1235562258.926470, -58.154000, 30.853999, -2.837774
1235562259.807275, -58.637175, 30.691614, -2.835799
1235562260.675149, -59.169159, 30.537411, -2.839702
1235562261.568884, -59.651184, 30.385645, -2.835801
1235562262.449689, -60.131991, 30.230470, -2.830976
1235562263.343491, -60.612047, 30.074114, -2.828228
1235562264.223295, -61.085398, 29.932403, -2.888576
1235562265.118098, -61.613852, 29.818879, -2.907535
1235562265.957912, -62.103950, 29.697936, -2.907654
1235562266.758806, -62.601307, 29.578310, -2.901497
1235562267.559557, -63.097782, 29.456831, -2.900682
1235562268.359408, -63.594059, 29.334248, -2.895483
1235562269.160201, -64.137632, 29.214901, -2.890384
1235562269.948124, -64.631146, 29.084651, -2.888808
1235562270.747848, -65.123879, 28.952631, -2.884035
1235562271.548669, -65.617281, 28.821819, -2.871481
1235562272.362489, -66.105471, 28.683059, -2.861365
1235562273.163310, -66.583469, 28.534120, -2.809145
1235562273.963133, -67.063144, 28.363493, -2.794314
1235562274.777953, -67.540442, 28.191819, -2.797122
1235562275.564841, -68.014629, 28.032667, -2.842022
1235562276.378599, -68.493738, 27.885064, -2.856099
1235562277.179422, -68.975706, 27.738726, -2.847265
1235562277.979244, -69.457103, 27.588617, -2.847334
1235562278.767067, -69.943300, 27.440561, -2.841952
1235562279.580891, -70.478262, 27.300673, -2.833177
1235562280.380713, -70.962562, 27.145980, -2.834094
1235562281.195528, -71.447918, 27.002371, -2.866872
1235562281.982355, -71.942754, 26.861686, -2.835412
1235562282.783176, -72.490545, 26.667307, -2.862225
1235562283.596995, -72.972376, 26.528241, -2.859011
1235562284.437809, -73.462189, 26.423536, -3.026500
1235562285.277622, -73.967182, 26.397040, -3.132138
1235562286.105540, -74.478910, 26.419583, 3.027038
1235562286.932257, -74.979831, 26.499195, 2.949580
1235562287.733078, -75.493143, 26.542471, 2.965709
1235562288.532903, -76.037910, 26.687341, 2.950452
1235562289.333735, -76.541425, 26.781007, 2.955857
1235562290.174535, -77.088516, 26.892018, 2.913905
1235562291.028350, -77.566262, 27.054261, 2.682821
1235562291.882161, -77.991239, 27.361057, 2.568734
1235562292.695976, -78.400182, 27.652686, 2.462469
1235562293.523812, -78.785797, 27.937047, 2.389384
1235562294.363605, -79.164780, 28.362192, 2.231211
1235562295.231477, -79.394595, 28.731553, 2.047404
1235562296.032256, -79.663301, 29.244787, 2.046235
1235562296.859073, -79.890658, 29.702414, 1.979978
1235562297.685872, -80.071249, 30.177406, 1.898723
1235562298.486732, -80.236823, 30.660712, 1.913288
1235562299.287536, -80.408555, 31.141141, 1.903038
1235562300.087335, -80.576879, 31.620352, 1.914516
1235562300.888230, -80.802214, 32.106155, 1.935360
1235562301.701997, -80.975263, 32.632329, 1.932843
1235562302.502820, -81.157339, 33.109515, 1.946418
1235562303.303645, -81.344753, 33.584306, 1.945905
1235562304.103468, -81.532683, 34.059280, 1.944395
1235562304.917312, -81.720350, 34.535069, 1.952613
1235562305.718106, -81.903372, 35.051342, 1.975469
1235562306.518929, -82.108705, 35.514042, 1.989602
1235562307.319733, -82.318201, 35.978525, 1.999462
1235562308.119565, -82.531688, 36.442523, 2.003325
1235562308.920387, -82.746358, 36.905712, 2.002826
1235562309.721197, -82.960811, 37.369814, 2.003329
1235562310.535016, -83.215329, 37.892766, 2.003835
1235562311.334847, -83.423011, 38.352222, 1.986432
1235562312.149657, -83.623360, 38.819008, 1.971579
1235562312.949490, -83.868686, 39.294067, 1.964907
1235562313.777298, -83.997159, 39.763299, 1.876878
1235562314.591116, -84.192892, 40.309527, 1.902211
1235562315.390947, -84.359142, 40.792107, 1.906092
1235562316.191761, -84.528792, 41.273467, 1.910976
1235562316.992584, -84.699651, 41.754057, 1.910498
1235562317.793406, -84.857326, 42.230291, 1.881113
1235562318.607224, -85.038910, 42.769374, 1.825550
1235562319.434041, -85.153324, 43.263696, 1.777896
1235562320.234863, -85.194812, 43.748794, 1.737701
1235562321.034690, -85.280463, 44.252079, 1.736235
1235562321.915490, -85.391567, 44.792849, 1.944225
1235562322.733875, -85.602426, 45.246574, 2.017583
1235562323.570123, -85.891967, 45.703111, 2.111575
1235562324.383942, -86.157387, 46.140087, 2.115116
1235562325.237753, -86.390566, 46.583966, 1.976113
1235562326.131555, -86.529764, 47.072022, 1.733296
1235562326.985366, -86.555698, 47.570412, 1.529297
1235562327.853186, -86.488353, 48.074481, 1.366306
1235562328.652995, -86.437136, 48.585957, 1.391677
1235562329.507819, -86.344433, 49.134042, 1.448781
1235562330.374627, -86.343729, 49.635633, 1.680792
1235562331.188490, -86.411029, 50.134556, 1.736170
1235562331.989268, -86.494656, 50.637954, 1.738096
1235562332.790091, -86.580937, 51.140809, 1.737661
1235562333.589990, -86.666894, 51.644120, 1.738229
1235562334.390809, -86.752527, 52.147892, 1.736799
1235562335.191770, -86.826836, 52.700903, 1.746098
1235562336.005377, -86.916551, 53.202036, 1.756036
1235562336.819191, -87.017097, 53.693617, 1.781886
1235562337.633011, -87.142090, 54.188176, 1.866282
1235562338.447228, -87.297862, 54.670656, 1.893589
1235562339.260649, -87.459486, 55.154781, 1.888809
1235562340.061463, -87.657753, 55.700351, 1.874304
1235562340.888288, -87.761221, 56.130071, 1.849799
1235562341.716146, -87.872951, 56.671830, 1.775026
1235562342.529915, -87.966121, 57.168746, 1.746255
1235562343.343759, -88.059179, 57.664663, 1.776850
1235562344.170551, -88.186321, 58.159386, 1.847536
1235562344.984374, -88.325582, 58.650797, 1.840772
1235562345.785244, -88.499834, 59.203442, 1.836010
1235562346.586026, -88.597050, 59.635873, 1.844340
1235562347.372932, -88.799813, 60.295927, 1.844946
1235562348.186668, -88.912382, 60.678308, 1.845554
1235562348.988510, -89.052662, 61.171043, 1.848527
1235562349.814299, -89.212075, 61.645283, 1.956501
1235562350.628129, -89.409035, 62.113223, 1.965115
1235562351.428951, -89.607038, 62.583585, 1.985184
1235562352.229774, -89.812420, 63.050489, 1.983801
1235562353.029615, -90.018411, 63.517626, 1.989784
1235562353.830418, -90.226265, 63.984721, 1.988406
1235562354.644238, -90.434894, 64.450656, 1.992392
1235562355.458057, -90.640260, 64.911679, 1.992198
1235562356.298872, -90.806369, 65.383137, 1.796920
1235562357.112684, -90.922328, 65.881344, 1.830093
1235562357.913507, -91.052705, 66.374179, 1.824363
1235562358.713329, -91.180832, 66.866760, 1.840088
1235562359.514151, -91.305375, 67.409162, 1.845452
1235562360.314968, -91.444370, 67.900799, 1.839728
1235562361.118251, -91.579859, 68.390682, 1.841096
1235562361.955642, -91.700881, 68.887366, 1.787103
1235562362.743501, -91.812275, 69.385771, 1.788749
1235562363.557249, -91.911632, 69.933285, 1.802487
1235562364.357076, -92.029921, 70.429181, 1.803138
1235562365.157893, -92.147820, 70.927012, 1.802791
1235562365.998707, -92.278467, 71.416003, 1.857993
1235562366.798535, -92.481472, 71.909288, 1.903467
1235562367.613348, -92.648561, 72.392436, 1.903126
1235562368.413171, -92.803700, 72.923446, 1.911514
1235562369.213993, -92.987415, 73.355928, 1.912178
1235562370.014817, -93.147382, 73.883428, 1.919843
1235562370.841631, -93.339818, 74.355333, 1.997601
1235562371.655451, -93.546242, 74.816294, 1.975270
1235562372.456273, -93.737131, 75.282945, 1.943942
1235562373.323081, -93.899552, 75.763099, 1.835796
1235562374.177893, -93.962346, 76.304918, 1.615835
1235562375.004791, -93.953702, 76.810667, 1.520062
1235562375.818527, -93.925196, 77.317328, 1.498381
1235562376.619350, -93.888907, 77.826894, 1.518518
1235562377.446166, -93.867145, 78.326950, 1.522299
1235562378.316658, -93.924721, 78.848787, 1.670168
1235562379.211897, -94.022706, 79.340955, 1.881219
1235562380.101662, -94.179255, 79.818437, 1.849551
1235562380.982381, -94.325260, 80.298650, 1.881609
1235562381.889179, -94.522307, 80.833185, 1.910306
1235562382.902954, -94.709304, 81.259495, 1.923278
1235562383.916730, -94.832538, 81.762430, 1.955346
1235562385.024484, -95.128427, 82.161953, 2.454142
1235562386.145235, -95.589732, 82.356397, 2.997117
1235562387.199002, -96.098758, 82.264827, -2.872917
1235562389.080585, -96.630401, 82.280771, 3.026789
1235562390.708226, -97.069894, 82.377812, 2.859490
1235562392.335923, -97.495984, 82.627202, 2.373282
1235562393.963501, -97.768779, 83.085149, 2.036259
1235562395.605138, -97.941542, 83.554993, 1.845418
1235562396.938842, -98.098158, 84.061680, 1.739490
1235562398.104818, -98.072301, 84.554068, 1.475929
1235562399.034389, -97.950945, 85.047354, 1.204191
1235562399.901196, -97.729025, 85.506794, 1.068816
1235562400.742009, -97.459766, 85.932415, 0.957720
1235562401.543221, -97.154972, 86.400737, 0.977896
1235562402.342727, -96.870267, 86.823598, 0.972258
1235562403.223459, -96.604093, 87.254845, 1.088169
1235562404.117260, -96.431929, 87.727049, 1.368716
1235562404.985460, -96.423817, 88.290190, 1.585900
1235562405.798883, -96.430099, 88.800754, 1.565543
1235562406.598710, -96.464981, 89.373972, 1.581369
1235562407.399529, -96.470145, 89.884261, 1.580108
1235562408.200351, -96.475861, 90.394267, 1.578849
1235562409.001652, -96.481303, 90.904557, 1.589319
1235562409.815337, -96.490926, 91.415072, 1.589065
1235562410.614815, -96.488467, 91.973697, 1.592176
1235562411.428636, -96.501659, 92.478642, 1.609564
1235562412.269448, -96.552882, 92.979723, 1.758679
1235562413.112088, -96.687269, 93.463884, 1.909434
1235562413.951069, -96.930581, 93.942628, 2.006917
1235562414.764884, -97.148852, 94.400838, 2.025402
1235562415.578705, -97.372977, 94.859197, 2.026525
1235562416.405523, -97.621622, 95.382689, 1.972014
1235562417.273333, -97.750937, 95.804478, 1.814232
1235562418.167130, -97.837229, 96.362358, 1.519546
1235562419.046936, -97.696153, 96.843698, 1.269407
1235562419.941739, -97.484670, 97.302956, 1.014181
1235562420.795546, -97.169607, 97.763406, 0.890230
1235562421.609367, -96.837082, 98.146780, 0.820009
1235562422.436183, -96.479703, 98.506385, 0.761517
1235562423.264003, -96.108898, 98.846990, 0.725667
1235562424.117809, -95.746376, 99.259032, 0.919085
1235562424.958622, -95.519697, 99.693779, 1.048782
1235562425.798436, -95.301369, 100.148686, 1.196934
1235562426.626260, -95.139460, 100.633199, 1.278542
1235562427.493063, -94.960573, 101.154857, 1.139426
1235562428.373864, -94.640360, 101.561908, 0.864223
1235562429.254674, -94.265703, 101.892849, 0.588022
1235562430.134473, -93.817746, 102.137465, 0.418186
1235562430.989283, -93.288971, 102.300036, 0.285083
1235562431.789105, -92.799916, 102.447930, 0.320430
1235562432.589938, -92.320649, 102.599441, 0.289598
1235562433.390759, -91.834910, 102.734314, 0.244315
1235562434.190577, -91.326566, 102.907191, 0.255849
1235562434.991397, -90.832739, 103.037592, 0.255658
1235562435.792220, -90.339041, 103.167258, 0.255467
1235562436.606037, -89.796907, 103.284512, 0.264005
1235562437.406862, -89.304311, 103.418397, 0.267180
1235562438.206681, -88.812419, 103.553698, 0.271356
1235562439.007504, -88.320395, 103.690961, 0.274533
1235562439.808326, -87.829628, 103.830477, 0.274349
1235562440.608149, -87.338126, 103.969813, 0.274165
1235562441.408973, -86.798480, 104.095292, 0.283710
1235562442.209795, -86.308112, 104.238847, 0.286891
1235562443.010615, -85.805856, 104.432892, 0.283348
1235562443.810438, -85.315369, 104.576388, 0.287533
1235562444.611260, -84.825298, 104.722687, 0.288355
1235562445.412083, -84.336146, 104.867730, 0.292541
1235562446.225906, -83.854858, 105.017918, 0.307639
1235562447.025727, -83.367527, 105.228601, 0.359192
1235562447.826549, -82.901570, 105.416327, 0.402382
1235562448.640367, -82.383474, 105.603490, 0.400211
1235562449.441188, -81.914564, 105.804934, 0.411768
1235562450.242012, -81.445938, 106.009518, 0.415963
1235562451.041833, -80.966749, 106.264855, 0.415796
1235562451.842711, -80.499868, 106.471890, 0.419994
1235562452.643479, -80.032930, 106.680863, 0.419830
1235562453.443307, -79.566404, 106.890049, 0.419667
1235562454.258119, -79.059049, 107.074668, 0.403686
1235562455.084935, -78.589148, 107.248950, 0.288073
1235562455.911752, -78.083433, 107.420463, 0.205188
1235562456.725571, -77.535465, 107.512990, 0.231848
1235562457.540390, -77.090554, 107.646872, 0.232964
1235562458.340213, -76.545551, 107.751983, 0.236172
1235562459.141967, -76.048556, 107.872439, 0.238018
1235562459.941859, -75.556165, 107.991758, 0.243682
1235562460.768676, -75.063425, 108.088591, 0.132439
1235562461.596493, -74.553778, 108.143396, 0.088651
1235562462.396314, -73.984387, 108.219467, 0.070774
1235562463.197582, -73.475461, 108.257505, 0.075987
1235562464.010954, -72.966252, 108.297535, 0.085565
1235562464.811808, -72.456952, 108.341781, 0.089779
1235562465.611601, -71.948763, 108.388344, 0.098358
1235562466.412422, -71.392378, 108.425652, 0.092848
1235562467.213247, -70.883980, 108.474837, 0.094702
1235562468.080052, -70.382637, 108.522685, 0.098920
1235562468.973859, -69.875722, 108.573443, 0.107502
1235562469.868655, -69.367671, 108.707712, 0.250542
1235562470.761457, -68.888105, 108.857394, 0.323489
1235562471.656259, -68.406307, 109.021110, 0.340437
1235562472.550061, -67.929239, 109.188885, 0.333660
1235562473.430865, -67.405985, 109.333208, 0.308884
1235562474.324667, -66.924515, 109.479241, 0.279746
1235562475.231464, -66.428811, 109.605237, 0.211606
1235562476.139266, -65.881919, 109.617807, -0.132886
1235562477.033064, -65.378908, 109.557074, -0.061935
1235562478.034189, -64.877352, 109.526554, -0.040343
1235562478.932513, -64.369340, 109.541657, 0.078885
1235562479.768462, -63.852621, 109.647257, 0.135298
1235562480.625378, -63.358787, 109.748765, 0.276165
1235562481.462082, -62.891483, 109.929300, 0.467213
1235562482.289899, -62.434732, 110.217531, 0.489355
1235562483.090743, -61.985760, 110.458925, 0.494589
1235562483.890545, -61.536232, 110.701393, 0.494462
1235562484.704366, -61.073831, 110.993116, 0.504064
1235562485.532200, -60.624132, 111.227784, 0.449393
1235562486.373015, -60.102866, 111.407109, 0.326908
1235562487.226824, -59.610542, 111.541637, 0.193696
1235562488.080636, -59.108881, 111.609517, 0.081393
1235562488.974442, -58.557972, 111.567264, -0.202542
1235562489.801231, -58.068386, 111.435204, -0.284025
1235562490.602076, -57.578153, 111.294660, -0.267692
1235562491.415893, -57.071699, 111.208374, -0.263449
1235562492.269777, -56.562456, 110.990298, -0.384300
1235562493.163494, -56.141933, 110.690780, -0.675237
1235562494.044376, -55.791606, 110.327725, -0.924998
1235562494.925103, -55.532889, 109.891552, -1.128212
1235562495.751919, -55.335856, 109.425605, -1.213703
1235562496.565740, -55.155455, 108.946996, -1.196743
1235562497.366562, -54.969097, 108.472094, -1.197875
1235562498.193377, -54.745439, 107.980762, -1.254282
1235562499.021184, -54.605020, 107.489529, -1.325871
1235562499.821018, -54.479075, 106.993012, -1.309920
1235562500.635826, -54.362347, 106.454187, -1.307608
1235562501.489636, -54.255255, 105.959626, -1.421299
1235562502.383438, -54.239953, 105.452876, -1.673172
1235562503.277239, -54.370421, 104.915794, -1.934959
1235562504.104065, -54.577541, 104.446906, -1.983748
1235562504.904878, -54.781538, 103.979341, -2.014083
1235562505.774195, -54.982018, 103.460129, -1.851060
1235562506.572508, -55.109798, 102.975263, -1.834673
1235562507.400324, -55.228273, 102.485813, -1.756654
1235562508.414100, -55.300563, 101.984608, -1.688271
1235562509.561863, -55.350689, 101.432795, -1.591258
1235562510.735584, -55.315914, 100.927196, -1.419789
1235562511.896327, -55.200440, 100.436166, -1.273687
1235562513.057070, -55.104670, 100.157246, -1.019226
1235562514.217811, -54.725719, 99.635156, -0.818938
1235562515.191595, -54.267931, 99.335372, -0.353934
1235562516.125393, -53.821099, 99.422866, 0.002256
1235562517.033200, -53.304725, 99.508418, 0.106811
1235562517.927002, -52.832650, 99.625138, 0.112368
1235562518.820804, -52.297577, 99.572415, -0.094712
1235562519.728602, -51.802613, 99.479664, -0.239973
1235562520.608407, -51.307682, 99.359704, -0.224053
1235562521.543198, -50.851068, 99.160498, -0.618587
1235562522.476992, -50.497762, 98.794142, -0.957669
1235562523.383787, -50.218198, 98.325653, -1.225296
1235562524.237598, -50.073824, 97.834458, -1.296747
1235562525.038419, -49.933402, 97.343398, -1.276473
1235562525.839241, -49.784310, 96.855484, -1.277655
1235562526.639063, -49.588272, 96.352113, -1.285566
1235562527.457568, -49.443491, 95.862763, -1.273662
1235562528.253708, -49.292488, 95.374573, -1.264123
1235562529.042023, -49.151292, 94.840374, -1.262314
1235562529.842452, -48.995788, 94.354717, -1.262507
1235562530.655172, -48.792513, 93.854061, -1.263702
1235562531.443105, -48.637352, 93.366815, -1.253172
1235562532.256819, -48.428506, 92.866995, -1.259734
1235562533.056638, -48.271805, 92.381046, -1.255572
1235562533.857452, -48.112316, 91.895514, -1.253776
1235562534.658286, -47.952694, 91.410544, -1.248618
1235562535.459109, -47.742371, 90.911707, -1.248826
1235562536.258921, -47.579827, 90.427701, -1.250036
1235562537.059762, -47.417460, 89.942861, -1.244885
1235562537.860575, -47.253374, 89.460118, -1.239736
1235562538.674394, -47.090552, 88.982328, -1.241772
1235562539.501200, -46.961983, 88.443671, -1.344261
1235562540.302034, -46.843642, 87.947449, -1.305575
1235562541.102857, -46.709937, 87.453840, -1.311161
1235562541.916675, -46.591838, 86.912957, -1.306024
1235562542.716497, -46.491424, 86.482931, -1.292162
1235562543.517320, -46.316456, 85.929090, -1.302118
1235562544.318143, -46.179683, 85.437803, -1.288260
1235562545.118954, -46.084014, 84.961199, -1.274405
1235562545.918783, -45.886115, 84.458234, -1.279004
1235562546.719604, -45.785980, 83.984169, -1.266153
1235562547.520421, -45.631793, 83.496833, -1.260031
1235562548.335248, -45.442048, 82.948430, -1.270001
1235562549.134068, -45.308072, 82.571005, -1.261518
1235562549.934891, -45.135483, 81.976506, -1.260676
1235562550.748710, -44.993554, 81.493409, -1.313378
1235562551.549531, -44.861773, 81.000268, -1.298540
1235562552.350348, -44.723763, 80.508161, -1.284704
1235562553.150180, -44.578701, 80.017719, -1.291323
1235562553.950993, -44.437097, 79.527572, -1.280854
1235562554.751816, -44.323788, 79.100923, -1.268025
1235562555.552689, -44.137099, 78.551156, -1.268287
1235562556.366457, -43.984344, 78.063898, -1.264189
1235562557.166279, -43.829401, 77.577932, -1.264456
1235562557.967101, -43.674657, 77.091194, -1.255998
1235562558.780921, -43.518689, 76.609175, -1.267542
1235562559.581743, -43.379510, 76.127971, -1.315178
1235562560.382565, -43.255854, 75.636461, -1.333453
1235562561.196386, -43.106313, 75.079497, -1.346731
1235562561.996207, -42.992527, 74.582735, -1.336285
1235562562.797029, -42.872698, 74.085239, -1.338567
1235562563.597852, -42.754232, 73.588739, -1.337852
1235562564.397674, -42.635734, 73.092965, -1.328412
1235562565.198496, -42.511764, 72.597307, -1.324338
1235562565.999319, -42.386434, 72.102342, -1.309539
1235562566.800142, -42.255185, 71.610590, -1.316833
1235562567.613995, -42.152436, 71.075774, -1.356766
1235562568.440777, -42.061829, 70.575915, -1.422701
1235562569.267594, -42.001881, 70.066768, -1.489092
1235562570.068417, -41.957219, 69.558095, -1.471305
1235562570.896314, -41.889361, 69.058658, -1.403064
1235562571.750043, -41.767414, 68.568858, -1.254008
1235562572.576861, -41.534357, 68.084931, -1.157590
1235562573.377685, -41.327318, 67.618853, -1.145174
1235562574.191501, -41.116371, 67.153627, -1.151850
1235562574.992324, -40.907615, 66.686509, -1.146802
1235562575.792146, -40.648736, 66.207038, -1.141756
1235562576.592968, -40.386606, 65.727203, -1.150802
1235562577.393790, -40.177462, 65.261275, -1.145760
1235562578.193615, -39.966694, 64.797489, -1.137356
1235562579.007432, -39.766075, 64.285226, -1.120228
1235562579.822290, -39.528093, 63.874138, -1.120555
1235562580.622204, -39.306510, 63.416048, -1.114794
1235562581.449927, -39.099546, 62.954399, -1.199125
1235562582.276706, -38.910972, 62.416408, -1.306821
1235562583.104559, -38.826966, 61.981310, -1.360794
1235562583.917418, -38.719751, 61.481816, -1.356769
1235562584.718172, -38.576621, 60.920394, -1.351746
1235562585.531986, -38.448667, 60.469293, -1.354451
1235562586.332883, -38.336764, 59.974154, -1.337433
1235562587.159623, -38.217743, 59.436428, -1.252327
1235562587.960520, -38.009532, 58.936419, -1.262403
1235562588.761281, -37.805525, 58.435592, -1.265117
1235562589.561090, -37.650084, 57.948349, -1.256743
1235562590.361953, -37.491742, 57.463332, -1.251735
1235562591.162749, -37.330692, 56.978744, -1.252093
1235562591.976591, -37.170434, 56.494168, -1.243725
1235562592.777803, -37.005357, 56.010732, -1.236360
1235562593.591579, -36.836860, 55.528745, -1.234724
1235562594.391086, -36.666934, 55.047029, -1.221000
1235562595.204895, -36.471471, 54.509651, -1.265731
1235562596.005678, -36.329986, 54.029038, -1.309102
1235562596.806492, -36.210652, 53.542704, -1.342747
1235562597.607681, -36.106712, 53.049728, -1.384849
1235562598.407156, -36.010187, 52.548608, -1.370137
1235562599.207960, -35.907413, 52.048174, -1.366154
1235562600.021778, -35.812881, 51.509799, -1.326173
1235562600.822593, -35.680348, 51.027706, -1.279194
1235562601.623966, -35.476864, 50.533498, -1.242580
1235562602.437233, -35.312486, 50.050303, -1.239605
1235562603.237064, -35.145419, 49.567551, -1.234632
1235562604.037880, -34.975665, 49.085246, -1.230661
1235562604.838703, -34.804613, 48.603664, -1.221329
1235562605.652520, -34.630205, 48.127169, -1.218998
1235562606.453437, -34.416128, 47.638418, -1.246944
1235562607.307152, -34.361387, 47.119130, -1.441251
1235562608.133970, -34.247859, 46.598131, -1.418838
1235562608.934793, -34.169683, 46.093763, -1.418244
1235562609.734615, -34.090447, 45.588593, -1.405562
1235562610.535436, -34.005813, 45.086995, -1.408700
1235562611.336262, -33.918687, 44.587764, -1.377023
1235562612.137083, -33.815399, 44.092319, -1.357438
1235562612.936905, -33.702459, 43.599407, -1.336855
1235562613.737725, -33.548498, 43.045576, -1.327002
1235562614.538548, -33.420754, 42.554993, -1.299697
1235562615.352367, -33.282643, 42.064257, -1.299120
1235562616.166186, -33.145111, 41.571382, -1.286457
1235562616.980005, -32.973850, 41.023340, -1.307522
1235562617.807102, -32.853820, 40.513735, -1.384862
1235562618.647636, -32.790963, 40.002517, -1.516251
1235562619.515443, -32.802653, 39.478202, -1.691789
1235562620.369324, -32.911638, 38.990184, -1.864440
1235562621.236061, -33.105250, 38.527361, -2.042056
1235562622.102868, -33.378900, 38.105017, -2.218187
1235562622.970676, -33.722152, 37.732812, -2.388797
1235562623.837485, -34.181410, 37.381921, -2.550278
1235562624.705292, -34.629004, 37.143208, -2.726062
1235562625.559102, -35.100398, 37.051312, -2.948759
1235562626.412912, -35.610216, 37.003453, -3.095600
1235562627.213734, -36.117562, 36.947591, -3.060085
1235562628.027554, -36.634182, 36.913913, -3.065201
1235562628.841372, -37.129610, 36.862694, -3.042962
1235562629.695183, -37.667045, 36.768079, -2.923820
1235562630.496006, -38.151420, 36.649408, -2.888715
1235562631.295830, -38.617696, 36.509965, -2.833701
1235562632.109647, -39.105374, 36.354603, -2.824230
1235562632.910471, -39.593161, 36.194359, -2.820254
1235562633.711294, -40.088324, 36.034348, -2.815563
1235562634.525111, -40.600642, 35.874327, -2.805857
1235562635.325999, -41.076302, 35.719568, -2.850972
1235562636.139753, -41.564255, 35.575864, -2.856539
1235562636.953573, -42.053504, 35.432023, -2.843043
1235562637.753394, -42.588591, 35.287359, -2.847645
1235562638.554217, -43.057878, 35.139378, -2.851918
1235562639.368036, -43.545199, 34.997061, -2.861502
1235562640.168859, -44.035217, 34.857584, -2.855952
1235562640.969681, -44.529894, 34.682834, -2.858375
1235562641.783502, -45.018693, 34.539729, -2.842861
1235562642.610316, -45.507136, 34.406851, -2.913537
1235562643.424138, -46.000790, 34.318036, -2.935479
1235562644.224961, -46.499908, 34.211756, -2.937627
1235562645.025893, -46.999159, 34.106953, -2.928823
1235562645.825604, -47.499522, 33.999313, -2.929495
1235562646.626429, -47.997934, 33.890809, -2.925480
1235562647.427249, -48.497046, 33.779697, -2.921780
1235562648.228071, -49.044802, 33.675776, -2.915747
1235562649.041889, -49.542620, 33.560812, -2.912661
1235562649.841712, -50.034125, 33.441115, -2.889220
1235562650.644703, -50.522521, 33.305740, -2.841478
1235562651.456354, -51.018346, 33.150229, -2.806781
1235562652.270182, -51.497554, 32.984790, -2.823936
1235562653.070998, -52.017855, 32.796222, -2.808438
1235562653.871819, -52.500714, 32.629520, -2.814179
1235562654.685636, -52.984807, 32.464055, -2.798037
1235562655.499460, -53.469228, 32.301802, -2.844425
1235562656.313278, -53.952197, 32.170696, -2.906188
1235562657.127095, -54.447665, 32.049363, -2.894099
1235562657.927917, -54.942525, 31.923279, -2.889969
1235562658.727740, -55.438333, 31.794674, -2.886196
1235562659.528569, -55.932304, 31.665288, -2.887419
1235562660.329391, -56.426414, 31.536373, -2.880153
1235562661.129210, -56.969271, 31.411263, -2.876850
1235562661.930029, -57.460371, 31.279542, -2.877198
1235562662.757911, -57.930938, 31.138320, -2.799514
1235562663.624657, -58.381405, 30.898134, -2.612532
1235562664.425638, -58.824163, 30.651000, -2.651071
1235562665.252292, -59.279649, 30.416828, -2.661330
1235562666.119099, -59.780164, 30.233809, -2.855170
1235562666.951286, -60.278666, 30.104379, -2.889049
1235562667.747805, -60.791698, 29.978924, -2.890243
1235562668.561557, -61.287571, 29.852387, -2.878032
1235562669.361380, -61.781828, 29.729946, -2.927494
1235562670.189197, -62.276604, 29.648095, -3.029534
1235562671.016015, -62.781706, 29.596180, -3.034770
1235562671.843850, -63.276971, 29.527957, -2.971256
1235562672.715259, -63.759057, 29.391306, -2.754766
1235562673.511468, -64.264253, 29.207716, -2.783722
1235562674.351273, -64.745982, 29.039822, -2.847414
1235562675.166114, -65.237013, 28.916634, -2.836605
1235562675.965914, -65.742871, 28.767393, -2.847665
1235562676.766756, -66.231446, 28.618188, -2.839571
1235562677.567579, -66.719884, 28.466002, -2.837627
1235562678.367381, -67.206806, 28.311308, -2.837767
1235562679.168225, -67.693389, 28.157282, -2.827302
1235562679.969046, -68.179966, 27.998820, -2.820856
1235562680.773084, -68.667283, 27.837081, -2.817840
1235562681.569697, -69.157970, 27.675904, -2.810962
1235562682.423501, -69.642467, 27.537596, -2.940233
1235562683.264304, -70.179379, 27.468611, -3.044335
1235562684.078123, -70.684375, 27.430320, -3.075985
1235562684.878945, -71.201419, 27.390978, -3.072352
1235562685.679758, -71.731980, 27.339728, -3.071911
1235562686.479590, -72.237837, 27.302742, -3.058172
1235562687.293413, -72.768960, 27.272582, -3.080779
1235562688.121216, -73.277987, 27.265768, 3.101397
1235562688.924563, -73.786441, 27.289210, 3.110196
1235562689.735857, -74.303745, 27.315391, 3.081885
1235562690.589668, -74.805971, 27.387832, 2.909264
1235562691.389503, -75.347172, 27.514724, 2.929723
1235562692.297289, -75.839509, 27.578572, -3.124587
1235562693.258076, -76.335902, 27.418322, -2.708857
1235562694.231859, -76.704882, 27.085520, -2.178435
1235562695.485587, -76.754406, 26.599771, -1.409104
1235562696.366386, -76.553994, 26.112643, -1.141442
1235562697.167282, -76.344126, 25.645033, -1.204484
1235562698.007021, -76.127022, 25.163361, -1.245158
1235562698.807845, -75.982875, 24.682081, -1.363993
1235562699.675651, -75.859313, 24.193655, -1.237732
1235562700.569452, -75.579144, 23.741765, -0.923466
1235562701.450297, -75.223831, 23.388472, -0.659463
1235562702.264091, -74.825175, 23.084479, -0.672635
1235562703.157892, -74.429932, 22.714958, -0.965702
1235562704.038698, -74.203525, 22.269017, -1.197030
1235562704.932502, -74.087907, 21.782747, -1.476980
1235562705.759301, -74.086939, 21.228337, -1.575645
1235562706.573153, -74.089029, 20.718721, -1.581573
1235562707.400950, -74.083110, 20.214412, -1.532945
1235562708.240828, -74.026529, 19.713176, -1.347222
1235562709.081581, -73.879172, 19.234200, -1.212852
1235562709.935389, -73.666563, 18.771534, -1.075291
1235562710.749207, -73.368444, 18.328562, -1.031812
1235562711.550031, -73.101532, 17.899861, -1.004959
1235562712.390841, -72.830501, 17.465479, -1.040641
1235562713.204658, -72.593480, 17.025196, -1.111672
1235562714.058459, -72.334746, 16.556030, -1.190427
1235562714.939272, -72.241782, 16.079860, -1.373614
1235562715.739107, -72.149823, 15.530755, -1.350250
1235562716.552914, -72.037659, 15.033025, -1.356056
1235562717.353736, -71.927481, 14.533257, -1.354490
1235562718.154557, -71.767782, 14.026641, -1.340823
1235562718.955425, -71.699770, 13.537768, -1.346598
1235562719.755203, -71.536386, 13.030662, -1.339638
1235562720.556021, -71.369977, 12.525220, -1.334667
1235562721.356839, -71.307695, 11.988009, -1.337046
1235562722.156670, -71.130401, 11.532142, -1.322328
1235562722.957484, -71.062466, 10.997352, -1.318324
1235562723.758360, -70.934135, 10.503903, -1.318674
1235562724.559140, -70.756697, 9.998411, -1.309287
1235562725.358951, -70.623445, 9.506518, -1.304253
1235562726.159791, -70.488614, 9.013072, -1.307935
1235562726.960607, -70.305870, 8.511062, -1.294154
1235562727.774430, -70.224089, 7.980577, -1.289086
1235562728.574242, -70.081258, 7.490483, -1.290374
1235562729.375060, -69.939502, 6.999078, -1.285287
1235562730.175894, -69.745534, 6.500238, -1.281191
1235562730.980722, -69.599332, 6.011291, -1.277083
1235562731.776527, -69.401224, 5.513510, -1.270965
1235562732.577366, -69.201731, 5.016419, -1.278562
1235562733.378183, -69.053392, 4.528509, -1.272422
1235562734.177996, -68.902051, 4.038764, -1.263908
1235562735.045813, -68.769494, 3.501252, -1.322385
1235562735.873629, -68.738607, 3.015583, -1.523295
1235562736.686443, -68.707933, 2.507017, -1.458116
1235562738.274092, -68.698091, 2.096634, -1.473105
1235562739.087910, -68.587807, 1.588156, -1.428269
1235562739.888735, -68.511591, 1.088214, -1.399695
1235562740.689635, -68.421957, 0.584588, -1.396838
1235562741.503368, -68.342067, 0.033450, -1.386243
1235562742.304191, -68.248211, -0.471419, -1.381959
1235562743.104019, -68.151497, -0.975035, -1.387366
1235562743.891839, -68.029490, -1.577548, -1.402434
1235562744.691668, -67.942331, -2.081266, -1.384309
1235562745.492486, -67.785699, -2.801033, -1.375445
1235562746.306302, -67.762139, -3.132538, -1.358834
1235562747.107124, -67.693260, -3.517669, -1.419639
1235562747.907947, -67.622880, -4.020660, -1.437303
1235562748.747760, -67.550605, -4.527496, -1.423391
1235562749.575578, -67.462061, -5.070463, -1.318991
1235562750.429389, -67.255491, -5.551073, -1.199190
1235562751.323188, -67.016310, -5.999137, -0.931191
1235562752.230987, -66.611860, -6.347406, -0.591872
1235562753.097976, -66.151004, -6.524256, -0.378380
1235562753.938610, -65.654723, -6.686014, -0.269651
1235562754.819413, -65.124985, -6.780171, -0.061872
1235562755.713214, -64.634163, -6.698368, 0.250241
1235562756.540031, -64.136345, -6.541846, 0.355422
1235562757.340854, -63.657455, -6.366064, 0.351146
1235562758.154672, -63.185967, -6.203564, 0.340124
1235562758.968492, -62.667290, -6.015377, 0.349083
1235562759.769314, -62.192444, -5.844587, 0.346006
1235562760.609128, -61.727282, -5.701199, 0.218540
1235562761.409952, -61.222713, -5.583578, 0.266508
1235562762.210776, -60.715960, -5.443581, 0.261246
1235562763.010595, -60.249298, -5.317531, 0.266924
1235562763.811417, -59.725690, -5.158473, 0.267667
1235562764.612240, -59.241357, -5.030053, 0.277439
1235562765.426058, -58.752871, -4.899978, 0.240785
1235562766.252875, -58.245573, -4.784324, 0.202669
1235562767.040701, -57.733688, -4.687155, 0.170202
1235562767.854523, -57.234990, -4.615294, 0.123423
1235562768.668341, -56.720519, -4.563678, 0.105213
1235562769.495156, -56.243260, -4.491791, 0.218213
1235562770.322972, -55.756337, -4.342340, 0.334185
1235562771.136805, -55.266223, -4.134753, 0.352740
1235562771.936613, -54.889474, -3.996694, 0.355364
1235562772.741139, -54.342558, -3.803801, 0.325891
1235562773.551257, -53.842512, -3.655144, 0.287346
1235562774.352078, -53.352553, -3.509144, 0.298154
1235562775.152915, -52.863771, -3.358122, 0.301694
1235562775.952724, -52.375699, -3.205398, 0.312925
1235562776.753546, -51.887764, -3.047557, 0.312834
1235562777.567364, -51.385533, -2.841786, 0.305859
1235562778.368201, -50.874091, -2.700512, 0.288164
1235562779.182020, -50.385601, -2.559561, 0.274857
1235562779.983243, -49.893979, -2.419770, 0.279797
1235562780.797018, -49.407215, -2.277387, 0.290307
1235562781.583551, -48.917707, -2.131052, 0.294588
1235562782.386172, -48.430504, -1.983003, 0.301942
1235562783.185481, -47.947218, -1.833252, 0.305499
1235562783.984953, -47.414924, -1.643008, 0.302459
1235562784.785772, -46.925175, -1.488290, 0.307138
1235562785.572732, -46.430699, -1.331284, 0.312052
1235562786.373420, -45.924791, -1.166598, 0.321050
1235562787.174617, -45.474583, -1.002819, 0.326376
1235562787.988426, -44.992678, -0.840498, 0.331001
1235562788.787882, -44.465663, -0.638877, 0.321272
1235562789.588713, -44.015034, -0.502157, 0.339460
1235562790.389529, -43.532995, -0.333405, 0.342926
1235562791.216346, -43.033039, -0.160610, 0.278905
1235562792.044155, -42.544128, -0.044641, 0.185558
1235562792.843984, -42.046199, 0.048918, 0.202078
1235562793.644800, -41.503171, 0.146929, 0.199863
1235562794.445627, -41.004509, 0.247723, 0.209959
1235562795.246441, -40.510639, 0.352808, 0.219165
1235562796.046266, -39.968484, 0.500525, 0.198240
1235562796.847088, -39.479543, 0.604531, 0.205755
1235562797.647912, -38.960936, 0.708251, 0.216269
1235562798.447733, -38.461164, 0.819500, 0.222372
1235562799.235559, -37.950822, 0.939214, 0.226397
1235562800.035386, -37.421131, 1.070615, 0.233743
1235562800.836203, -36.891595, 1.186891, 0.232175
1235562801.637026, -36.436625, 1.308712, 0.234668
1235562802.437848, -35.918451, 1.426292, 0.238258
1235562803.237671, -35.413972, 1.548567, 0.242173
1235562804.038490, -34.927456, 1.686757, 0.259500
1235562804.839312, -34.397336, 1.847473, 0.280982
1235562805.640135, -33.935791, 1.992756, 0.284402
1235562806.426963, -33.431865, 2.135839, 0.291653
1235562807.227785, -32.946857, 2.284976, 0.291367
1235562808.027605, -32.481994, 2.440192, 0.288940
1235562808.828430, -31.960874, 2.598346, 0.299799
1235562809.629254, -31.388247, 2.783547, 0.292839
1235562810.429073, -30.951682, 2.937420, 0.291733
1235562811.229895, -30.470485, 3.085387, 0.308020
1235562812.030716, -30.004495, 3.237662, 0.283838
1235562812.831538, -29.511981, 3.381884, 0.293034
1235562813.618365, -29.007180, 3.528008, 0.304374
1235562814.419187, -28.524850, 3.682789, 0.302126
1235562815.219009, -27.997659, 3.832468, 0.316107
1235562816.019830, -27.516031, 3.979327, 0.284861
1235562816.820664, -27.025604, 4.113409, 0.252791
1235562817.620479, -26.523009, 4.241407, 0.268796
1235562818.421300, -25.982622, 4.372043, 0.281720
1235562819.209124, -25.542800, 4.519667, 0.281555
1235562820.008954, -25.053163, 4.662581, 0.282392
1235562820.809771, -24.513127, 4.799945, 0.290957
1235562821.610593, -24.074470, 4.952461, 0.291797
1235562822.397417, -23.585985, 5.100239, 0.300365
1235562823.198356, -23.098684, 5.252943, 0.300207
1235562823.998060, -22.610903, 5.404106, 0.304414
1235562824.798884, -22.069899, 5.602554, 0.300896
1235562825.586708, -21.533531, 5.749842, 0.314833
1235562826.386530, -21.098689, 5.913701, 0.314682
1235562827.187353, -20.613999, 6.072770, 0.320894
1235562827.988175, -20.129851, 6.234636, 0.324109
1235562828.814993, -19.641468, 6.389193, 0.287051
1235562829.615814, -19.158217, 6.516236, 0.231542
1235562830.429635, -18.608190, 6.674217, 0.213671
1235562831.230457, -18.158724, 6.788582, 0.213529
1235562832.030282, -17.660371, 6.897486, 0.229841
1235562832.818175, -17.164213, 7.014323, 0.235064
1235562833.617926, -16.667747, 7.134559, 0.249016
1235562834.418747, -16.173095, 7.260535, 0.253243
1235562835.219571, -15.679787, 7.388727, 0.261835
1235562836.020392, -15.186799, 7.522475, 0.266065
1235562836.820215, -14.638688, 7.700913, 0.258206
1235562837.608040, -14.146077, 7.831835, 0.262439
1235562838.407872, -13.652605, 7.965353, 0.267674
1235562839.221681, -13.161288, 8.100500, 0.269910
1235562840.009582, -12.675605, 8.228501, 0.243511
1235562840.810329, -12.187907, 8.338812, 0.200388
1235562841.610152, -11.643703, 8.423102, 0.163266
1235562842.410973, -11.141743, 8.506839, 0.168509
1235562843.211799, -10.638066, 8.593785, 0.173753
1235562844.011620, -10.135688, 8.682966, 0.178000
1235562844.799444, -9.628322, 8.823251, 0.177885
1235562845.599266, -9.076272, 8.909392, 0.182134
1235562846.400090, -8.574606, 9.002667, 0.183023
1235562847.200910, -8.073029, 9.096586, 0.187276
1235562848.001735, -7.571357, 9.192531, 0.196895
1235562848.788558, -7.071426, 9.292899, 0.195789
1235562849.589382, -6.570977, 9.393111, 0.197684
1235562850.389207, -6.022542, 9.487034, 0.201308
1235562851.217022, -5.521613, 9.571277, 0.122883
1235562852.030840, -5.018937, 9.610302, 0.034116
1235562852.844660, -4.507662, 9.628095, 0.045096
1235562853.671477, -3.946640, 9.654597, 0.078562
1235562854.485294, -3.441443, 9.769109, 0.180228
1235562855.299114, -2.950383, 9.884177, 0.286290
1235562856.126933, -2.471057, 10.052149, 0.369388
1235562856.926756, -2.005129, 10.244964, 0.406027
1235562857.780563, -1.532777, 10.431084, 0.325197
1235562858.661367, -1.039620, 10.524998, 0.030664
1235562859.596187, -0.511154, 10.453890, -0.292944
1235562860.569943, -0.093954, 10.184287, -0.781094
1235562861.556725, 0.144064, 9.698737, -1.337958
1235562862.477549, 0.143977, 9.195352, -1.721265
1235562863.345348, -0.044573, 8.706330, -1.932404
1235562864.159270, -0.195207, 8.244050, -1.994387
1235562864.985968, -0.423599, 7.789180, -2.046621
1235562865.799790, -0.700760, 7.305952, -2.054642
1235562866.640617, -0.848407, 6.839591, -1.875469
1235562867.441441, -0.986570, 6.338824, -1.840641
1235562868.258354, -1.114569, 5.846138, -1.815484
1235562869.149062, -1.170847, 5.294732, -1.507041
1235562870.042861, -1.021549, 4.796691, -1.254811
1235562870.847735, -0.858202, 4.368401, -1.257047
1235562871.657504, -0.705922, 3.827944, -1.242984
1235562872.537310, -0.594167, 3.333977, -1.449027
1235562873.418115, -0.567338, 2.811907, -1.714053
1235562874.298905, -0.732329, 2.333423, -1.980427
1235562875.112727, -0.947157, 1.877196, -2.015172
1235562876.006525, -1.114098, 1.343475, -1.809454
1235562876.917535, -1.153688, 0.785638, -1.498522
1235562877.835112, -1.028581, 0.297542, -1.140519
1235562878.754917, -0.686193, -0.072501, -0.834566
1235562879.582723, -0.324668, -0.433945, -0.763154
1235562880.422546, 0.040786, -0.839914, -0.778899
1235562881.290353, 0.352584, -1.229299, -1.044156
1235562882.104164, 0.595260, -1.671708, -1.059389
1235562882.904986, 0.844824, -2.116968, -1.064687
1235562883.704818, 1.092175, -2.562063, -1.054869
1235562884.518637, 1.389546, -3.050115, -1.056935
1235562885.333515, 1.615747, -3.458054, -1.156336
1235562886.160263, 1.806549, -3.927714, -1.214075
1235562886.987080, 1.970054, -4.458758, -1.256057
1235562887.787902, 2.121707, -4.942189, -1.263193
1235562888.654712, 2.296554, -5.420698, -1.169758
1235562889.482526, 2.575778, -5.873898, -1.052216
1235562890.309342, 2.817829, -6.323808, -1.112644
1235562891.150170, 3.018605, -6.793203, -1.230679
1235562891.976972, 3.167263, -7.278512, -1.292961
1235562892.777794, 3.308092, -7.768657, -1.275488
1235562893.565705, 3.456843, -8.257701, -1.272718
1235562894.365442, 3.599962, -8.793745, -1.268719
1235562895.166282, 3.744409, -9.278589, -1.269712
1235562895.967100, 3.938516, -9.762698, -1.274756
1235562896.754030, 4.078939, -10.250363, -1.271434
1235562897.567768, 4.221779, -10.787605, -1.266618
1235562898.408564, 4.382491, -11.263118, -1.179104
1235562899.302370, 4.689908, -11.699237, -0.883311
1235562900.156171, 5.047006, -12.051559, -0.697119
1235562900.996988, 5.459019, -12.345425, -0.573989
1235562901.837798, 5.907173, -12.592574, -0.455294
1235562902.677611, 6.380506, -12.786101, -0.332394
1235562903.478436, 6.910975, -12.931370, -0.284648
1235562904.279260, 7.400412, -13.064731, -0.245987
1235562905.066076, 7.894549, -13.181324, -0.244029
1235562905.866913, 8.440421, -13.296352, -0.218420
1235562906.720709, 8.973809, -13.358511, -0.145665
1235562907.587516, 9.468209, -13.319204, 0.136180
1235562908.401335, 9.946657, -13.264035, 0.130919
1235562909.202158, 10.481178, -13.194972, 0.136176
1235562910.002971, 10.977868, -13.125069, 0.136202
1235562910.789806, 11.483707, -13.055136, 0.144697
1235562911.590619, 11.989013, -12.980908, 0.151480
1235562912.404439, 12.493935, -12.901173, 0.154528
1235562913.205313, 13.047837, -12.824326, 0.152106
1235562914.005092, 13.566025, -12.733984, 0.122999
1235562914.792995, 14.074492, -12.669705, 0.128274
1235562915.592740, 14.592925, -12.596328, 0.129852
1235562916.393553, 15.135298, -12.509799, 0.137643
1235562917.194410, 15.687359, -12.438980, 0.142301
1235562917.995209, 16.229568, -12.365617, 0.140572
1235562918.795021, 16.682452, -12.293386, 0.147382
1235562919.582956, 17.187079, -12.217363, 0.158483
1235562920.422659, 17.687060, -12.127552, 0.200615
1235562921.250486, 18.170330, -12.001404, 0.300213
1235562922.051310, 18.701070, -11.849483, 0.302183
1235562922.851125, 19.131048, -11.696808, 0.298368
1235562923.652023, 19.610374, -11.545327, 0.310831
1235562924.467266, 20.238854, -11.338083, 0.316636
1235562925.292606, 20.688664, -11.188988, 0.262060
1235562926.093412, 21.159256, -11.051800, 0.277354
1235562926.894229, 21.726079, -10.901883, 0.282874
1235562927.695045, 22.166899, -10.758589, 0.283008
1235562928.494873, 22.661358, -10.614494, 0.293974
1235562929.295696, 23.128215, -10.465635, 0.298476
1235562930.096512, 23.608986, -10.313963, 0.302466
1235562930.896341, 24.088346, -10.160256, 0.308318
1235562931.697163, 24.566168, -10.005992, 0.306396
1235562932.497979, 25.043155, -9.857078, 0.286612
1235562933.284811, 25.522802, -9.717315, 0.273060
1235562934.085627, 25.979355, -9.581414, 0.259283
1235562934.886449, 26.570735, -9.436923, 0.247527
1235562935.703626, 27.063657, -9.315125, 0.239248
1235562936.527086, 27.558499, -9.180074, 0.303069
1235562937.327971, 28.044343, -9.028842, 0.296840
1235562938.128729, 28.532672, -8.879369, 0.307744
1235562938.942550, 29.014828, -8.728192, 0.308414
1235562939.742372, 29.496849, -8.585956, 0.249858
1235562940.543194, 30.033063, -8.407115, 0.277564
1235562941.344019, 30.517981, -8.269003, 0.280214
1235562942.143839, 31.000753, -8.129688, 0.288221
1235562942.944661, 31.483037, -7.985105, 0.297215
1235562943.745483, 31.963277, -7.836566, 0.301832
1235562944.559303, 32.438333, -7.689479, 0.289164
1235562945.386119, 32.927009, -7.568629, 0.197591
1235562946.186941, 33.435202, -7.462448, 0.222614
1235562946.987765, 33.984740, -7.323592, 0.227983
1235562947.774589, 34.529920, -7.192523, 0.229019
1235562948.575412, 34.954369, -7.088012, 0.231969
1235562949.376298, 35.534386, -6.923977, 0.226396
1235562950.190053, 36.060407, -6.807788, 0.271942
1235562950.989875, 36.485098, -6.676644, 0.257394
1235562951.790697, 36.996329, -6.537439, 0.272935
1235562952.591520, 37.506897, -6.392388, 0.273267
1235562953.391342, 38.017358, -6.245074, 0.278847
1235562954.179233, 38.507999, -6.103796, 0.286558
1235562954.979990, 39.001323, -5.957748, 0.292827
1235562955.779812, 39.500547, -5.806854, 0.297350
1235562956.580636, 39.999108, -5.638242, 0.298778
1235562957.381459, 40.467466, -5.486687, 0.296371
1235562958.181279, 41.003775, -5.334920, 0.303983
1235562958.982101, 41.479699, -5.174952, 0.305036
1235562959.782924, 41.990277, -5.000566, 0.312155
1235562960.583811, 42.569122, -4.793882, 0.301336
1235562961.410562, 43.030585, -4.658047, 0.234720
1235562962.224382, 43.535827, -4.546303, 0.233983
1235562963.025204, 44.028945, -4.427552, 0.230932
1235562963.812030, 44.510149, -4.312352, 0.240653
1235562964.612912, 44.963851, -4.198125, 0.245442
1235562965.413688, 45.397796, -4.093830, 0.246937
1235562966.213496, 45.882533, -3.969837, 0.253437
1235562967.027318, 46.366489, -3.842946, 0.266641
1235562967.815221, 46.847750, -3.709544, 0.272090
1235562968.614965, 47.329610, -3.573339, 0.273143
1235562969.415864, 47.809789, -3.437783, 0.272165
1235562970.216621, 48.341459, -3.250471, 0.264323
1235562971.016430, 48.823133, -3.118626, 0.269607
1235562971.817301, 49.304052, -2.983992, 0.274859
1235562972.605457, 49.783470, -2.847249, 0.287806
1235562973.404914, 50.262961, -2.704297, 0.282259
1235562974.193107, 50.691533, -2.563227, 0.282078
1235562974.992616, 51.270152, -2.372489, 0.274940
1235562975.793384, 51.751066, -2.235685, 0.278969
1235562976.594567, 52.230524, -2.096867, 0.282329
1235562977.394081, 52.703419, -1.968516, 0.237581
1235562978.181851, 53.187231, -1.853843, 0.243268
1235562978.983027, 53.721387, -1.732771, 0.246170
1235562979.822484, 54.206267, -1.609474, 0.237013
1235562980.703292, 54.639817, -1.492240, 0.241976
1235562981.677074, 55.173455, -1.371247, 0.245831
1235562982.717844, 55.657089, -1.248640, 0.254083
1235562983.853003, 56.131216, -1.117894, 0.305587
1235562985.013708, 56.586427, -0.863265, 0.562356
1235562986.334405, 57.012442, -0.589587, 0.835514
1235562987.667745, 57.200813, -0.158231, 1.279176
1235562989.015439, 57.232044, 0.381018, 1.710716
1235562990.310153, 57.140351, 0.816333, 1.764045
1235562991.270936, 57.029482, 1.305762, 1.795392
1235562992.057762, 56.911003, 1.778010, 1.817655
1235562992.844590, 56.782739, 2.259163, 1.835188
1235562993.632414, 56.645484, 2.737929, 1.856793
1235562994.432237, 56.498465, 3.213903, 1.883676
1235562995.220061, 56.338145, 3.735746, 1.905066
1235562996.019885, 56.169261, 4.209001, 1.909387
1235562996.812188, 55.999577, 4.682966, 1.917966
1235562997.608530, 55.826822, 5.154088, 1.915715
1235562998.422352, 55.661208, 5.627647, 1.887903
1235562999.222171, 55.515857, 6.111252, 1.840472
1235563000.022994, 55.376640, 6.604508, 1.820853
1235563000.810186, 55.223117, 7.142051, 1.840503
1235563001.597647, 55.068632, 7.662229, 1.842818
1235563002.397469, 54.930572, 8.134075, 1.841008
1235563003.185292, 54.792450, 8.629314, 1.842322
1235563003.974119, 54.652709, 9.123745, 1.851319
1235563004.759944, 54.508623, 9.617453, 1.862637
1235563005.559767, 54.358840, 10.110424, 1.862825
1235563006.347592, 54.208821, 10.601087, 1.864974
1235563007.134416, 54.110675, 10.894139, 1.871729
1235563007.921242, 53.956423, 11.384562, 1.880549
1235563008.722064, 53.850389, 11.673887, 1.880524
1235563009.508892, 53.693937, 12.161811, 1.885656
1235563010.309712, 53.590984, 12.498211, 1.869317
1235563011.097536, 53.441534, 12.997194, 1.830594
1235563011.897359, 53.280730, 13.541732, 1.842719
1235563012.685184, 53.123649, 14.076677, 1.843179
1235563013.485006, 52.959560, 14.631225, 1.843243
1235563014.272831, 52.803606, 15.156659, 1.833476
1235563015.072653, 52.641411, 15.716376, 1.851640
1235563015.873478, 52.481776, 16.238327, 1.850644
1235563016.701295, 52.359909, 16.723460, 1.763308
1235563017.501118, 52.265751, 17.249080, 1.774629
1235563018.301940, 52.164040, 17.733264, 1.761754
1235563019.102761, 52.067183, 18.189863, 1.759992
1235563019.902585, 51.966614, 18.714651, 1.789950
1235563020.703406, 51.847781, 19.154040, 1.824931
1235563021.490231, 51.717442, 19.697836, 1.826301
1235563022.291051, 51.586126, 20.241086, 1.824944
1235563023.078942, 51.456829, 20.733419, 1.817613
1235563023.878700, 51.330313, 21.226814, 1.814437
1235563024.666533, 51.206475, 21.714724, 1.810209
1235563025.466350, 51.083925, 22.241459, 1.822661
1235563026.280168, 50.955283, 22.735537, 1.830090
1235563027.175397, 50.822699, 23.232905, 1.820877
1235563028.201742, 50.694707, 23.775955, 1.838830
1235563029.336491, 50.537202, 24.205272, 1.959193
1235563030.483236, 50.282358, 24.627259, 2.341341
1235563031.777946, 49.889670, 24.920111, 2.674471
1235563033.124648, 49.479813, 25.062879, 3.011528
1235563034.459351, 49.126135, 25.047199, -2.980780
1235563035.807053, 48.787883, 24.963163, -2.800919
1235563037.087768, 48.514244, 24.839219, -2.795897
1235563037.995568, 48.234091, 24.718401, -2.785783
1235563038.849445, 47.890077, 24.642491, -3.023539
1235563039.663195, 47.365764, 24.559036, -3.011406
1235563040.463019, 46.984732, 24.543519, -3.014188
1235563041.263841, 46.546172, 24.483520, -3.012815
1235563042.077756, 46.021391, 24.397948, -2.953628
1235563042.865486, 45.483068, 24.273203, -2.912656
1235563043.665308, 45.007133, 24.155070, -2.899322
1235563044.466133, 44.519022, 24.031946, -2.897541
1235563045.266956, 44.046491, 23.906669, -2.894924
1235563046.080772, 43.564116, 23.767279, -2.829312
1235563046.894591, 42.999461, 23.541007, -2.744556
1235563047.721408, 42.543488, 23.323095, -2.666718
1235563048.522231, 42.094640, 23.089367, -2.689318
1235563049.349049, 41.641827, 22.888302, -2.776533
1235563050.189862, 41.162761, 22.732063, -2.882258
1235563050.990684, 40.627636, 22.614591, -2.899128
1235563051.790507, 40.123895, 22.487341, -2.895736
1235563052.578330, 39.773131, 22.392734, -2.896354
1235563053.379154, 39.266163, 22.264581, -2.896102
1235563054.178975, 38.658518, 22.131036, -2.884555
1235563054.966801, 38.186155, 22.001341, -2.887134
1235563055.766623, 37.714790, 21.873116, -2.894917
1235563056.567444, 37.232613, 21.761194, -2.965181
1235563057.368267, 36.716941, 21.678831, -2.945640
1235563058.168092, 36.219582, 21.578840, -2.945157
1235563058.955990, 35.724067, 21.477850, -2.949679
1235563059.756758, 35.254212, 21.375992, -2.940661
1235563060.556561, 34.741105, 21.266339, -2.951119
1235563061.344406, 34.264906, 21.169054, -2.946455
1235563062.144211, 33.780480, 21.070130, -2.949583
1235563062.932053, 33.270676, 20.970684, -2.945430
1235563063.731855, 32.750561, 20.866911, -2.937272
1235563064.519702, 32.189077, 20.743475, -2.932776
1235563065.320527, 31.714127, 20.636994, -2.934476
1235563066.120345, 31.192737, 20.531721, -2.932610
1235563066.921167, 30.701878, 20.426972, -2.928955
1235563067.721989, 30.225331, 20.316983, -2.880247
1235563068.521816, 29.747025, 20.190158, -2.887015
1235563069.309625, 29.267707, 20.067164, -2.892698
1235563070.110438, 28.688871, 19.896036, -2.892119
1235563070.897273, 28.219232, 19.762217, -2.892986
1235563071.698086, 27.679959, 19.650696, -2.886200
1235563072.484921, 27.104119, 19.468046, -2.896344
1235563073.285733, 26.576034, 19.334379, -2.880538
1235563074.085565, 26.100588, 19.193364, -2.884314
1235563074.873381, 25.474124, 19.053265, -2.869229
1235563075.673212, 25.049023, 18.906840, -2.875527
1235563076.461029, 24.723844, 18.813881, -2.879830
1235563077.260862, 24.197927, 18.671153, -2.876048
1235563078.061683, 23.672961, 18.527365, -2.873262
1235563078.849498, 23.147559, 18.382787, -2.871467
1235563079.649332, 22.622272, 18.236582, -2.865294
1235563080.450143, 22.048544, 18.086393, -2.867698
1235563081.236978, 21.574605, 17.939648, -2.874743
1235563082.037791, 20.999023, 17.794647, -2.858666
1235563082.838613, 20.475931, 17.641608, -2.865538
1235563083.625439, 19.952827, 17.493117, -2.863664
1235563084.413401, 19.460239, 17.352011, -2.859343
1235563085.213086, 18.969913, 17.208640, -2.861740
1235563086.013909, 18.479224, 17.067557, -2.862400
1235563086.814806, 17.926954, 16.925635, -2.868215
1235563087.614553, 17.421792, 16.784396, -2.879293
1235563088.402406, 16.914151, 16.646278, -2.877114
1235563089.202201, 16.411074, 16.506922, -2.863045
1235563089.990041, 15.908963, 16.359361, -2.870905
1235563090.790862, 15.406725, 16.216846, -2.863797
1235563091.578008, 14.919250, 16.076560, -2.869681
1235563092.378510, 14.379727, 15.938549, -2.871206
1235563093.165336, 13.891184, 15.801772, -2.872719
1235563093.966157, 13.395755, 15.660185, -2.870478
1235563094.752983, 12.901430, 15.516791, -2.871839
1235563095.553806, 12.412190, 15.386010, -2.864860
1235563096.354627, 11.876974, 15.214859, -2.873942
1235563097.141453, 11.398111, 15.078138, -2.868007
1235563097.942275, 10.908915, 14.940282, -2.859212
1235563098.729100, 10.421535, 14.795892, -2.860551
1235563099.529923, 9.934529, 14.651717, -2.859770
1235563100.316742, 9.460582, 14.508303, -2.857057
1235563101.117565, 8.965764, 14.361548, -2.861356
1235563101.904390, 8.460997, 14.210434, -2.866455
1235563102.705213, 7.991094, 14.072200, -2.865682
1235563103.492038, 7.500638, 13.931644, -2.855490
1235563104.292860, 6.964489, 13.787498, -2.860033
1235563105.093674, 6.456201, 13.644611, -2.855234
1235563105.907562, 5.966034, 13.508808, -2.894872
1235563106.734318, 5.421550, 13.407300, -3.000255
1235563107.562137, 4.925505, 13.327205, -2.950329
1235563108.456066, 4.445493, 13.109623, -2.627298
1235563109.375733, 4.069181, 12.782308, -2.236070
1235563110.256537, 3.804422, 12.346385, -2.023284
1235563111.097382, 3.622599, 11.829293, -1.899219
1235563111.884256, 3.458090, 11.347358, -1.897320
1235563112.737977, 3.282030, 10.869380, -1.976138
1235563113.618782, 3.020814, 10.443918, -2.271659
1235563114.632557, 2.608814, 10.168542, -2.846152
1235563115.513362, 2.114372, 10.091474, -3.101071
1235563116.421197, 1.612965, 10.152368, 2.841821
1235563117.220982, 1.086079, 10.313874, 2.819038
1235563118.021817, 0.654281, 10.479364, 2.790657
1235563118.862629, 0.127105, 10.647787, 2.809403
1235563119.743435, -0.409527, 10.740384, 3.131699
1235563120.677227, -0.898689, 10.639908, -2.732848
1235563121.584020, -1.268981, 10.310978, -2.424184
1235563122.437831, -1.616853, 9.943341, -2.277901
1235563123.305713, -2.019487, 9.578547, -2.449114
1235563124.186442, -2.451610, 9.316831, -2.730357
1235563125.067241, -2.955044, 9.158002, -2.873474
1235563126.001525, -3.406398, 8.924849, -2.396934
1235563126.947830, -3.691745, 8.466032, -1.969918
1235563127.881623, -3.775769, 7.976681, -1.530523
1235563128.829411, -3.642296, 7.490133, -1.093577
1235563129.776454, -3.277675, 7.094038, -0.715630
1235563130.671885, -2.845691, 6.840573, -0.370688
1235563131.510814, -2.310920, 6.680184, -0.302851
1235563132.311633, -1.824365, 6.527379, -0.318839
1235563133.125453, -1.341768, 6.369357, -0.321667
1235563134.019255, -0.865352, 6.155667, -0.581136
1235563134.887062, -0.489880, 5.826364, -0.840319
1235563135.766866, -0.211329, 5.362498, -1.099544
1235563136.647671, -0.048598, 4.891400, -1.373863
1235563137.515539, -0.018670, 4.392956, -1.640329
1235563138.395283, -0.119441, 3.907622, -1.910526
1235563139.276088, -0.326035, 3.398878, -1.863575
1235563140.169895, -0.355149, 2.899721, -1.505712
1235563141.063691, -0.232942, 2.398267, -1.261066
1235563141.904504, -0.036566, 1.912386, -1.307726
1235563142.772380, -0.029091, 1.409377, -1.617105
1235563143.652121, -0.120230, 0.915008, -1.882176
1235563144.519924, -0.333770, 0.432994, -2.121725
